{"paths":[{"splines":[[[3.960300226219285,1.5445328590742682],[4.5668310595526185,1.5169632757409348],[5.132007517885952,1.4756089007409348],[5.533244530280539,1.3289952170735033],[5.919218696947206,1.3152104254068366],[5.933003488613872,1.7287541754068365]],[[5.933003488613872,1.7287541754068365],[5.946788280280539,2.1422979254068375],[5.905433905280539,2.197437092073504],[5.21065125,2.122857916666667],[4.673044375,1.9987947916666666],[3.9700200000000003,1.90230125]]],"rot_breakpoints":[[0,0],[1,0]],"constraints":[],"startDelay":0}],"global_constraints":{"max_velocity":null,"max_acceleration":3,"max_current":40,"max_voltage":12},"metadata":{"field":2024},"actions":[]}