{
    "paths": [
        {
            "splines": [
                [
                    [
                        3.1187226024795467,
                        0.7720854441232848
                    ],
                    [
                        2.8954077717276765,
                        0.7754690021649799
                    ],
                    [
                        2.6754764990175013,
                        0.7619347699981999
                    ],
                    [
                        1.7619158277598501,
                        0.7653183280398949
                    ],
                    [
                        1.562285903299845,
                        0.772085444123285
                    ],
                    [
                        1.35588886275645,
                        0.76870188608159
                    ]
                ]
            ],
            "rot_breakpoints": [
                [
                    0,
                    0
                ],
                [
                    1,
                    0
                ]
            ],
            "constraints": [],
            "startDelay": 0
        }
    ],
    "global_constraints": {
        "max_velocity": 0.5,
        "max_acceleration": 1,
        "max_current": 40,
        "max_voltage": 12
    },
    "metadata": {
        "field": 2025
    },
    "actions": [
        {
            "location": 0.76,
            "name": "elevator down"
        },
        {
            "location": 0.581,
            "name": "pivot in"
        },
        {
            "location": 0.359,
            "name": "pivot out"
        },
        {
            "location": 0.219,
            "name": "elevator up"
        }
    ]
}