{
 "node_name": "orin1",
 "team_number": 971,
 "intrinsics": [
  644.604858,
  0.0,
  752.152954,
  0.0,
  644.477173,
  558.911682,
  0.0,
  0.0,
  1.0
 ],
 "dist_coeffs": [
  -0.242432,
  0.057303,
  -0.000057,
  0.000015,
  -0.005636
 ],
 "calibration_timestamp": 1707365492368359264,
 "camera_id": "24-02",
 "camera_number": 1
}