{
 "node_name": "orin1",
 "team_number": 7971,
 "intrinsics": [
  644.604858,
  0.0,
  752.152954,
  0.0,
  644.477173,
  558.911682,
  0.0,
  0.0,
  1.0
 ],
 "fixed_extrinsics": {
  "data": [
   -0.07336,
   0.085699,
   0.993617,
   0.608349,
   -0.989433,
   0.118683,
   -0.083288,
   -0.939084,
   -0.125063,
   -0.989227,
   0.076087,
   -0.35071,
   0.0,
   0.0,
   0.0,
   1.0
  ]
 },
 "dist_coeffs": [
  -0.242432,
  0.057303,
  -0.000057,
  0.000015,
  -0.005636
 ],
 "calibration_timestamp": 1709438958022901293,
 "camera_id": "24-02",
 "camera_number": 1
}