{
 "node_name": "imu",
 "team_number": 7971,
 "intrinsics": [
  646.870789,
  0.0,
  731.468811,
  0.0,
  646.616333,
  570.003723,
  0.0,
  0.0,
  1.0
 ],
 "fixed_extrinsics": {
  "data": [
   1.0,
   -0.0,
   0.0,
   -0.131843,
   0.0,
   0.0,
   1.0,
   0.061756,
   -0.0,
   -1.0,
   0.0,
   -0.05456,
   0.0,
   0.0,
   0.0,
   1.0
  ]
 },
 "dist_coeffs": [
  -0.249077,
  0.063132,
  0.000082,
  0.00026,
  -0.006916
 ],
 "calibration_timestamp": 1707365495566609408,
 "camera_id": "24-01",
 "camera_number": 0
}