{
 "node_name": "orin2",
 "team_number": 7971,
 "intrinsics": [
  648.13446,
  0.0,
  759.733093,
  0.0,
  648.40332,
  557.951538,
  0.0,
  0.0,
  1.0
 ],
 "dist_coeffs": [
  -0.258663,
  0.071646,
  0.000113,
  -0.000061,
  -0.00879
 ],
 "calibration_timestamp": 1707367234928600992,
 "camera_id": "24-03",
 "camera_number": 1
}
