{
 "node_name": "orin1",
 "team_number": 7971,
 "intrinsics": [
  644.604858,
  0.0,
  752.152954,
  0.0,
  644.477173,
  558.911682,
  0.0,
  0.0,
  1.0
 ],
 "fixed_extrinsics": {
  "data": [
   -0.405648,
   0.026857,
   0.913635,
   -0.007853,
   -0.913349,
   0.026638,
   -0.406305,
   -0.344469,
   -0.03525,
   -0.999284,
   0.013724,
   -0.076866,
   0.0,
   0.0,
   0.0,
   1.0
  ]
 },
 "dist_coeffs": [
  -0.242432,
  0.057303,
  -0.000057,
  0.000015,
  -0.005636
 ],
 "calibration_timestamp": 1711224340728794682,
 "camera_id": "24-02",
 "camera_number": 1
}