{
 "node_name": "imu",
 "team_number": 7971,
 "intrinsics": [
  648.13446,
  0.0,
  759.733093,
  0.0,
  648.40332,
  557.951538,
  0.0,
  0.0,
  1.0
 ],
 "fixed_extrinsics": {
  "data": [
   0.530963,
   -0.006085,
   0.847373,
   -0.047041,
   -0.847373,
   -0.011096,
   0.530883,
   -0.127507,
   0.006172,
   -0.99992,
   -0.011048,
   -0.04483,
   0.0,
   0.0,
   0.0,
   1.0
  ]
 },
 "dist_coeffs": [
  -0.258663,
  0.071646,
  0.000113,
  -0.000061,
  -0.00879
 ],
 "calibration_timestamp": 1709455432104098137,
 "camera_id": "24-03",
 "camera_number": 1
}