{
 "node_name": "imu",
 "team_number": 9971,
 "intrinsics": [
  646.04834,
  0.0,
  703.327576,
  0.0,
  645.444458,
  527.86261,
  0.0,
  0.0,
  1.0
 ],
 "dist_coeffs": [
  -0.251594,
  0.064935,
  0.000479,
  0.000036,
  -0.007207
 ],
 "calibration_timestamp": 1708821845975708672,
 "camera_id": "24-10",
 "camera_number": 0,
 "reprojection_error": 1.523209
}
