{
 "node_name": "orin1",
 "team_number": 971,
 "intrinsics": [
  647.822815,
  0.0,
  715.37616,
  0.0,
  647.799316,
  494.638641,
  0.0,
  0.0,
  1.0
 ],
 "fixed_extrinsics": {
  "data": [
   0.016995,
   0.002328,
   0.999853,
   0.35278,
   0.999839,
   -0.005785,
   -0.016981,
   0.237526,
   0.005745,
   0.999981,
   -0.002426,
   0.387276,
   0.0,
   0.0,
   0.0,
   1.0
  ]
 },
 "dist_coeffs": [
  -0.2423,
  0.057169,
  0.000302,
  0.000016,
  -0.005638
 ],
 "calibration_timestamp": 1709946962325267121,
 "camera_id": "24-07",
 "camera_number": 1,
 "reprojection_error": 1.362672
}