{
 "node_name": "orin1",
 "team_number": 971,
 "intrinsics": [
  647.822815,
  0.0,
  715.37616,
  0.0,
  647.799316,
  494.638641,
  0.0,
  0.0,
  1.0
 ],
 "fixed_extrinsics": {
  "data": [
   -0.003277,
   0.017881,
   0.999835,
   0.352681,
   0.999963,
   0.008063,
   0.003133,
   0.253385,
   -0.008005,
   0.999808,
   -0.017906,
   0.386766,
   0.0,
   0.0,
   0.0,
   1.0
  ]
 },
 "dist_coeffs": [
  -0.2423,
  0.057169,
  0.000302,
  0.000016,
  -0.005638
 ],
 "calibration_timestamp": 1711317267098469979,
 "camera_id": "24-07",
 "camera_number": 1,
 "reprojection_error": 1.362672
}