{
 "node_name": "orin1",
 "team_number": 971,
 "intrinsics": [
  648.360168,
  0.0,
  729.818665,
  0.0,
  648.210327,
  641.988037,
  0.0,
  0.0,
  1.0
 ],
 "fixed_extrinsics": {
  "data": [
   0.0,
   0.0,
   1.0,
   0.284397,
   -1.0,
   0.0,
   0.0,
   0.226771,
   0.0,
   -1.0,
   0.0,
   0.442951,
   0.0,
   0.0,
   0.0,
   1.0
  ]
 },
 "dist_coeffs": [
  -0.255473,
  0.068444,
  0.000028,
  -0.000078,
  -0.008004
 ],
 "calibration_timestamp": 409227793683328,
 "camera_id": "24-05",
 "camera_number": 0,
 "reprojection_error": 1.058851
}