{
 "node_name": "imu",
 "team_number": 971,
 "intrinsics": [
  648.360168,
  0.0,
  729.818665,
  0.0,
  648.210327,
  641.988037,
  0.0,
  0.0,
  1.0
 ],
 "fixed_extrinsics": {
  "data": [
   0.999556,
   -0.026613,
   0.013428,
   0.146979,
   -0.006922,
   0.230925,
   0.972947,
   0.30388,
   -0.028994,
   -0.972608,
   0.230638,
   0.32572,
   0.0,
   0.0,
   0.0,
   1.0
  ]
 },
 "dist_coeffs": [
  -0.255473,
  0.068444,
  0.000028,
  -0.000078,
  -0.008004
 ],
 "calibration_timestamp": 1709946962325066070,
 "camera_id": "24-05",
 "camera_number": 1,
 "reprojection_error": 1.058851
}