{
 "node_name": "orin1",
 "team_number": 7971,
 "intrinsics": [
  651.6153,
  0,
  733.23883,
  0,
  651.54803,
  571.51044,
  0,
  0,
  1
 ],
 "fixed_extrinsics": {
  "data": [
   -0.51583326,
   -0.014017958,
   -0.8565743,
   -0.18048453,
   0.85668683,
   -0.010699706,
   -0.5157259,
   -0.27591175,
   -0.0019356685,
   -0.9998445,
   0.017528264,
   -0.05017823,
   0,
   0,
   0,
   1
  ]
 },
 "dist_coeffs": [
  0.56437093,
  -0.0040948456,
  8.8713576e-05,
  0.00019042162,
  -0.0024251514,
  0.87397224,
  0.08680722,
  -0.009185774,
  0,
  0,
  0,
  0,
  0,
  0
 ],
 "calibration_timestamp": 1737239424861251074,
 "camera_id": "24-02",
 "camera_number": 1,
 "reprojection_error": 0.4174472
}