{
 "node_name": "orin1",
 "team_number": 7971,
 "intrinsics": [
  644.604858,
  0.0,
  752.152954,
  0.0,
  644.477173,
  558.911682,
  0.0,
  0.0,
  1.0
 ],
 "fixed_extrinsics": {
  "data": [
   -0.36422,
   -0.025676,
   0.930959,
   0.048013,
   -0.930708,
   -0.025986,
   -0.364839,
   -0.413226,
   0.03356,
   -0.999332,
   -0.014433,
   -0.000913,
   0.0,
   0.0,
   0.0,
   1.0
  ]
 },
 "dist_coeffs": [
  -0.242432,
  0.057303,
  -0.000057,
  0.000015,
  -0.005636
 ],
 "calibration_timestamp": 1711320749872324734,
 "camera_id": "24-02",
 "camera_number": 1
}