{
 "node_name": "imu",
 "team_number": 971,
 "intrinsics": [
  648.360168,
  0.0,
  729.818665,
  0.0,
  648.210327,
  641.988037,
  0.0,
  0.0,
  1.0
 ],
 "fixed_extrinsics": {
  "data": [
   0.999778,
   -0.021035,
   0.001571,
   0.126097,
   0.00287,
   0.209453,
   0.977814,
   0.279701,
   -0.020898,
   -0.977593,
   0.209467,
   0.329598,
   0.0,
   0.0,
   0.0,
   1.0
  ]
 },
 "dist_coeffs": [
  -0.255473,
  0.068444,
  0.000028,
  -0.000078,
  -0.008004
 ],
 "calibration_timestamp": 1711317267098016437,
 "camera_id": "24-05",
 "camera_number": 1,
 "reprojection_error": 1.058851
}