{
 "node_name": "orin1",
 "team_number": 7971,
 "intrinsics": [
  642.80365,
  0.0,
  718.017517,
  0.0,
  642.83667,
  555.022461,
  0.0,
  0.0,
  1.0
 ],
 "fixed_extrinsics": {
  "data": [
   -0.970596,
   0.003379,
   0.24069,
   -0.005665,
   -0.240584,
   -0.046418,
   -0.969518,
   -0.614682,
   0.007896,
   -0.998916,
   0.045866,
   -0.040333,
   0.0,
   0.0,
   0.0,
   1.0
  ]
 },
 "dist_coeffs": [
  -0.239969,
  0.055889,
  0.000086,
  0.000099,
  -0.005468
 ],
 "calibration_timestamp": 1711320749872657675,
 "camera_id": "24-04",
 "camera_number": 0
}