{
 "node_name": "orin1",
 "team_number": 7971,
 "intrinsics": [
  642.80365,
  0.0,
  718.017517,
  0.0,
  642.83667,
  555.022461,
  0.0,
  0.0,
  1.0
 ],
 "fixed_extrinsics": {
  "data": [
   -0.845268,
   0.031126,
   0.533435,
   0.494822,
   -0.525295,
   0.134521,
   -0.84022,
   -1.212857,
   -0.097911,
   -0.990422,
   -0.097356,
   -0.319412,
   0.0,
   0.0,
   0.0,
   1.0
  ]
 },
 "dist_coeffs": [
  -0.239969,
  0.055889,
  0.000086,
  0.000099,
  -0.005468
 ],
 "calibration_timestamp": 1709438958016860291,
 "camera_id": "24-04",
 "camera_number": 0
}