{
 "node_name": "orin1",
 "team_number": 971,
 "intrinsics": [
  647.96582,
  0.0,
  755.529907,
  0.0,
  647.512146,
  585.378479,
  0.0,
  0.0,
  1.0
 ],
 "fixed_extrinsics": {
  "data": [
   -0.999075,
   -0.02262,
   -0.036586,
   0.15129,
   0.040353,
   -0.198353,
   -0.9793,
   -0.217666,
   0.014895,
   -0.97987,
   0.199082,
   0.26798,
   0.0,
   0.0,
   0.0,
   1.0
  ]
 },
 "dist_coeffs": [
  -0.260101,
  0.072815,
  -0.000107,
  0.000376,
  -0.009155
 ],
 "calibration_timestamp": 2328053993530848,
 "camera_id": "24-06",
 "camera_number": 0,
 "reprojection_error": 2.574085
}
