{
 "node_name": "orin1",
 "team_number": 971,
 "intrinsics": [
  648.187805,
  0.0,
  736.903137,
  0.0,
  648.028687,
  557.169861,
  0.0,
  0.0,
  1.0
 ],
 "dist_coeffs": [
  -0.265564,
  0.078084,
  -0.000231,
  0.000386,
  -0.010425
 ],
 "calibration_timestamp": 1708819816872521280,
 "camera_id": "24-09",
 "camera_number": 1,
 "reprojection_error": 1.881098
}