{
 "node_name": "imu",
 "team_number": 7971,
 "intrinsics": [
  648.13446,
  0.0,
  759.733093,
  0.0,
  648.40332,
  557.951538,
  0.0,
  0.0,
  1.0
 ],
 "fixed_extrinsics": {
  "data": [
   0.646787,
   0.04307,
   0.761453,
   0.280984,
   -0.762291,
   0.067995,
   0.643653,
   -0.238549,
   -0.024053,
   -0.996756,
   0.07681,
   -0.200534,
   0.0,
   0.0,
   0.0,
   1.0
  ]
 },
 "dist_coeffs": [
  -0.258663,
  0.071646,
  0.000113,
  -0.000061,
  -0.00879
 ],
 "calibration_timestamp": 1709438958016217514,
 "camera_id": "24-03",
 "camera_number": 1
}