{
 "node_name": "orin1",
 "team_number": 7971,
 "intrinsics": [
  642.80365,
  0.0,
  718.017517,
  0.0,
  642.83667,
  555.022461,
  0.0,
  0.0,
  1.0
 ],
 "fixed_extrinsics": {
  "data": [
   -0.999934,
   0.005678,
   -0.010023,
   -0.137953,
   0.010219,
   0.035665,
   -0.999312,
   -0.441623,
   -0.005316,
   -0.999348,
   -0.035721,
   -0.062839,
   0.0,
   0.0,
   0.0,
   1.0
  ]
 },
 "dist_coeffs": [
  -0.239969,
  0.055889,
  0.000086,
  0.000099,
  -0.005468
 ],
 "calibration_timestamp": 1712545176746742231,
 "camera_id": "24-04",
 "camera_number": 0
}