{
 "node_name": "orin1",
 "team_number": 7971,
 "intrinsics": [
  644.604858,
  0.0,
  752.152954,
  0.0,
  644.477173,
  558.911682,
  0.0,
  0.0,
  1.0
 ],
 "fixed_extrinsics": {
  "data": [
   -0.509434,
   0.040476,
   0.859557,
   -0.100912,
   -0.860154,
   0.004756,
   -0.510011,
   -0.308016,
   -0.024732,
   -0.999169,
   0.032393,
   -0.075196,
   0.0,
   0.0,
   0.0,
   1.0
  ]
 },
 "dist_coeffs": [
  -0.242432,
  0.057303,
  -0.000057,
  0.000015,
  -0.005636
 ],
 "calibration_timestamp": 1712545176745420643,
 "camera_id": "24-02",
 "camera_number": 1
}