{
 "node_name": "orin1",
 "team_number": 9971,
 "intrinsics": [
  649.866699,
  0.0,
  709.355713,
  0.0,
  648.893066,
  576.101868,
  0.0,
  0.0,
  1.0
 ],
 "dist_coeffs": [
  -0.248092,
  0.060938,
  0.000313,
  0.00009,
  -0.006163
 ],
 "calibration_timestamp": 1708821846986729504,
 "camera_id": "24-11",
 "camera_number": 1,
 "reprojection_error": 1.450069
}
