{
 "node_name": "orin1",
 "team_number": 7971,
 "intrinsics": [
  644.604858,
  0.0,
  752.152954,
  0.0,
  644.477173,
  558.911682,
  0.0,
  0.0,
  1.0
 ],
 "fixed_extrinsics": {
  "data": [
   -0.465205,
   -0.009078,
   0.885157,
   -0.040515,
   -0.885133,
   -0.007831,
   -0.465273,
   -0.328485,
   0.011156,
   -0.999928,
   -0.004392,
   -0.036284,
   0.0,
   0.0,
   0.0,
   1.0
  ]
 },
 "dist_coeffs": [
  -0.242432,
  0.057303,
  -0.000057,
  0.000015,
  -0.005636
 ],
 "calibration_timestamp": 1709455432104348086,
 "camera_id": "24-02",
 "camera_number": 1
}