{
 "node_name": "orin1",
 "team_number": 971,
 "intrinsics": [
  647.96582,
  0.0,
  755.529907,
  0.0,
  647.512146,
  585.378479,
  0.0,
  0.0,
  1.0
 ],
 "fixed_extrinsics": {
  "data": [
   -0.994734,
   -0.057157,
   -0.085073,
   0.126809,
   0.095006,
   -0.202848,
   -0.97459,
   -0.218389,
   0.038448,
   -0.977541,
   0.20721,
   0.322807,
   0.0,
   0.0,
   0.0,
   1.0
  ]
 },
 "dist_coeffs": [
  -0.260101,
  0.072815,
  -0.000107,
  0.000376,
  -0.009155
 ],
 "calibration_timestamp": 1711317267098685054,
 "camera_id": "24-06",
 "camera_number": 0,
 "reprojection_error": 2.574085
}