{
 "node_name": "imu",
 "team_number": 7971,
 "intrinsics": [
  648.13446,
  0.0,
  759.733093,
  0.0,
  648.40332,
  557.951538,
  0.0,
  0.0,
  1.0
 ],
 "fixed_extrinsics": {
  "data": [
   0.542349,
   -0.013533,
   0.840044,
   -0.020897,
   -0.840117,
   0.000599,
   0.542405,
   -0.115704,
   -0.007843,
   -0.999908,
   -0.011044,
   -0.052145,
   0.0,
   0.0,
   0.0,
   1.0
  ]
 },
 "dist_coeffs": [
  -0.258663,
  0.071646,
  0.000113,
  -0.000061,
  -0.00879
 ],
 "calibration_timestamp": 1711224340728285298,
 "camera_id": "24-03",
 "camera_number": 1
}