{
 "node_name": "orin1",
 "team_number": 7971,
 "intrinsics": [
  642.80365,
  0.0,
  718.017517,
  0.0,
  642.83667,
  555.022461,
  0.0,
  0.0,
  1.0
 ],
 "fixed_extrinsics": {
  "data": [
   -0.999409,
   -0.033871,
   -0.005938,
   -0.054149,
   0.00624,
   -0.008812,
   -0.999942,
   -0.455382,
   0.033816,
   -0.999387,
   0.009018,
   -0.038435,
   0.0,
   0.0,
   0.0,
   1.0
  ]
 },
 "dist_coeffs": [
  -0.239969,
  0.055889,
  0.000086,
  0.000099,
  -0.005468
 ],
 "calibration_timestamp": 1709455432104451759,
 "camera_id": "24-04",
 "camera_number": 0
}