{
 "node_name": "orin1",
 "team_number": 971,
 "intrinsics": [
  642.80365,
  0.0,
  718.017517,
  0.0,
  642.83667,
  555.022461,
  0.0,
  0.0,
  1.0
 ],
 "dist_coeffs": [
  -0.239969,
  0.055889,
  0.000086,
  0.000099,
  -0.005468
 ],
 "calibration_timestamp": 1707367522787382400,
 "camera_id": "24-04",
 "camera_number": 0
}