{
 "node_name": "orin1",
 "team_number": 971,
 "intrinsics": [
  648.8693,
  0,
  766.64984,
  0,
  648.97614,
  557.1631,
  0,
  0,
  1
 ],
 "dist_coeffs": [
  2.801428,
  0.9625466,
  0.0001668776,
  -4.836743e-05,
  0.024772447,
  3.116397,
  1.7355741,
  0.15194875,
  0,
  0,
  0,
  0,
  0,
  0
 ],
 "fixed_extrinsics": {
  "data": [
      1.0,
      0.0,
      0.0,
      0.0,
      0.0,
      1.0,
      0.0,
      0.0,
      0.0,
      0.0,
      1.0,
      0.0,
   0.0,
   0.0,
   0.0,
   1.0
  ]
 },
 "calibration_timestamp": 1721028195234062724,
 "camera_id": "24-00",
 "camera_number": 0,
 "reprojection_error": 1.0849079
}
