{
 "node_name": "orin1",
 "team_number": 971,
 "intrinsics": [
  647.822815,
  0.0,
  715.37616,
  0.0,
  647.799316,
  494.638641,
  0.0,
  0.0,
  1.0
 ],
 "fixed_extrinsics": {
  "data": [
   0.00834,
   0.006439,
   0.999945,
   0.38743,
   0.999567,
   -0.028281,
   -0.008154,
   0.296717,
   0.028227,
   0.999579,
   -0.006672,
   0.360483,
   0.0,
   0.0,
   0.0,
   1.0
  ]
 },
 "dist_coeffs": [
  -0.2423,
  0.057169,
  0.000302,
  0.000016,
  -0.005638
 ],
 "calibration_timestamp": 1710737578849179056,
 "camera_id": "24-07",
 "camera_number": 1,
 "reprojection_error": 1.362672
}