{ "node_name": "orin1", "team_number": 971, "intrinsics": [ 893.617798, 0.0, 612.44397, 0.0, 893.193115, 375.196381, 0.0, 0.0, 1.0 ], "fixed_extrinsics": { "data": [ -0.483961, 0.220781, 0.84678, 0.176109, 0.868846, 0.005849, 0.495048, -0.231149, 0.104344, 0.975306, -0.194656, 0.550508, 0.0, 0.0, 0.0, 1.0 ] }, "dist_coeffs": [ 0.0, 0.0, 0.0, 0.0, 0.0 ], "calibration_timestamp": 1358499779650270322, "camera_id": "23-00" }
