{
 "node_name": "imu",
 "team_number": 7971,
 "intrinsics": [
  652.3357,
  0,
  761.5853,
  0,
  652.2853,
  561.6248,
  0,
  0,
  1
 ],
 "fixed_extrinsics": {
  "data": [
   0.49760067,
   -0.004087566,
   -0.8673966,
   -0.1821576,
   0.86740446,
   0.0043746214,
   0.49758458,
   -0.091371834,
   0.001760622,
   -0.99998206,
   0.0057223877,
   -0.05204152,
   0,
   0,
   0,
   1
  ]
 },
 "dist_coeffs": [
  0.6468834,
  0.06586654,
  2.473449e-05,
  -5.1085863e-05,
  0.00073723204,
  0.9556186,
  0.1847675,
  0.006251932,
  0,
  0,
  0,
  0,
  0,
  0
 ],
 "calibration_timestamp": 1737239424860129308,
 "camera_id": "24-03",
 "camera_number": 1,
 "reprojection_error": 0.34672582
}