{
 "node_name": "imu",
 "team_number": 7971,
 "intrinsics": [
  648.13446,
  0.0,
  759.733093,
  0.0,
  648.40332,
  557.951538,
  0.0,
  0.0,
  1.0
 ],
 "fixed_extrinsics": {
  "data": [
   0.452192,
   0.00902,
   0.891875,
   -0.110093,
   -0.891901,
   -0.002083,
   0.452226,
   -0.071899,
   0.005936,
   -0.999957,
   0.007103,
   -0.059938,
   0.0,
   0.0,
   0.0,
   1.0
  ]
 },
 "dist_coeffs": [
  -0.258663,
  0.071646,
  0.000113,
  -0.000061,
  -0.00879
 ],
 "calibration_timestamp": 1712545176741878704,
 "camera_id": "24-03",
 "camera_number": 1
}