{
 "node_name": "orin1",
 "team_number": 7971,
 "intrinsics": [
  642.80365,
  0.0,
  718.017517,
  0.0,
  642.83667,
  555.022461,
  0.0,
  0.0,
  1.0
 ],
 "fixed_extrinsics": {
  "data": [
   -0.97224,
   0.059899,
   0.226187,
   -0.070284,
   -0.224333,
   0.036144,
   -0.973842,
   -0.550947,
   -0.066508,
   -0.99755,
   -0.021703,
   -0.121436,
   0.0,
   0.0,
   0.0,
   1.0
  ]
 },
 "dist_coeffs": [
  -0.239969,
  0.055889,
  0.000086,
  0.000099,
  -0.005468
 ],
 "calibration_timestamp": 1711224340729171983,
 "camera_id": "24-04",
 "camera_number": 0
}