{
 "node_name": "imu",
 "team_number": 971,
 "intrinsics": [
  648.360168,
  0.0,
  729.818665,
  0.0,
  648.210327,
  641.988037,
  0.0,
  0.0,
  1.0
 ],
 "fixed_extrinsics": {
  "data": [
   0.999298,
   -0.037458,
   0.000597,
   0.13845,
   0.00805,
   0.230258,
   0.973096,
   0.328324,
   -0.036588,
   -0.972409,
   0.230398,
   0.313802,
   0.0,
   0.0,
   0.0,
   1.0
  ]
 },
 "dist_coeffs": [
  -0.255473,
  0.068444,
  0.000028,
  -0.000078,
  -0.008004
 ],
 "calibration_timestamp": 1710737578848658152,
 "camera_id": "24-05",
 "camera_number": 1,
 "reprojection_error": 1.058851
}