{
 "node_name": "orin1",
 "team_number": 971,
 "intrinsics": [
  647.19928,
  0.0,
  690.698181,
  0.0,
  646.449158,
  530.162842,
  0.0,
  0.0,
  1.0
 ],
 "dist_coeffs": [
  -0.249799,
  0.062593,
  0.00003,
  0.000366,
  -0.006532
 ],
 "calibration_timestamp": 1708833159488095264,
 "camera_id": "24-12",
 "camera_number": 1,
 "reprojection_error": 1.23409
}