{
 "node_name": "imu",
 "team_number": 7971,
 "intrinsics": [
  648.13446,
  0.0,
  759.733093,
  0.0,
  648.40332,
  557.951538,
  0.0,
  0.0,
  1.0
 ],
 "fixed_extrinsics": {
  "data": [
   0.575723,
   -0.040861,
   0.816623,
   0.013075,
   -0.817594,
   -0.039986,
   0.574406,
   -0.160772,
   0.009183,
   -0.998364,
   -0.056428,
   -0.001121,
   0.0,
   0.0,
   0.0,
   1.0
  ]
 },
 "dist_coeffs": [
  -0.258663,
  0.071646,
  0.000113,
  -0.000061,
  -0.00879
 ],
 "calibration_timestamp": 1711320749871838931,
 "camera_id": "24-03",
 "camera_number": 1
}