{
 "node_name": "orin1",
 "team_number": 971,
 "intrinsics": [
  647.822815,
  0.0,
  715.37616,
  0.0,
  647.799316,
  494.638641,
  0.0,
  0.0,
  1.0
 ],
 "dist_coeffs": [
  -0.2423,
  0.057169,
  0.000302,
  0.000016,
  -0.005638
 ],
 "calibration_timestamp": 1708833147338466592,
 "camera_id": "24-07",
 "camera_number": 0,
 "reprojection_error": 1.362672
}