{
 "node_name": "imu",
 "team_number": 971,
 "intrinsics": [
  645.963562,
  0.0,
  751.21698,
  0.0,
  645.34906,
  605.204102,
  0.0,
  0.0,
  1.0
 ],
 "fixed_extrinsics": {
  "data": [
   0.0,
   -0.258819,
   -0.965926,
   -0.323293,
   1.0,
   0.0,
   -0.0,
   0.268249,
   0.0,
   -0.965926,
   0.258819,
   0.471129,
   0.0,
   0.0,
   0.0,
   1.0
  ]
 },
 "dist_coeffs": [
  -0.248733,
  0.06221,
  -0.000901,
  0.000128,
  -0.006595
 ],
 "calibration_timestamp": 1708820514420797344,
 "camera_id": "24-08",
 "camera_number": 0,
 "reprojection_error": 1.591953
}
