{
 "node_name": "orin1",
 "team_number": 9971,
 "intrinsics": [
  649.866699,
  0.0,
  709.355713,
  0.0,
  648.893066,
  576.101868,
  0.0,
  0.0,
  1.0
 ],
 "fixed_extrinsics": {
  "data": [
   -0.014623,
   0.004459,
   0.999883,
   0.345385,
   0.997965,
   0.062137,
   0.014318,
   0.150131,
   -0.062066,
   0.998058,
   -0.005359,
   0.570236,
   0.0,
   0.0,
   0.0,
   1.0
  ]
 },
 "dist_coeffs": [
  -0.248092,
  0.060938,
  0.000313,
  0.00009,
  -0.006163
 ],
 "calibration_timestamp": 1711306369592886702,
 "camera_id": "24-11",
 "camera_number": 1,
 "reprojection_error": 1.450069
}