{
 "node_name": "orin1",
 "team_number": 971,
 "intrinsics": [
  648.644104,
  0.0,
  755.677979,
  0.0,
  648.522644,
  597.744812,
  0.0,
  0.0,
  1.0
 ],
 "dist_coeffs": [
  -0.25182,
  0.063137,
  0.000118,
  0.000005,
  -0.006342
 ],
 "calibration_timestamp": 409229245444672,
 "camera_id": "24-06",
 "camera_number": 0,
 "fixed_extrinsics": {
    "data": [
      0.0,
      0.0,
      1.0,
      1.0,

      -1.0,
      0.0,
      0.0,
      0.0,

      0.0,
      -1.0,
      0.0,
      0.0,

      0.0,
      0.0,
      0.0,
      1.0
    ]
 },
 "reprojection_error": 1.344104
}
