{
 "node_name": "imu",
 "team_number": 9971,
 "intrinsics": [
  647.19928,
  0.0,
  690.698181,
  0.0,
  646.449158,
  530.162842,
  0.0,
  0.0,
  1.0
 ],
 "fixed_extrinsics": {
  "data": [
   0.0,
   0.0,
   -1.0,
   -0.325,

   -1.0,
   0.0,
   0.0,
   0.145,

   0.0,
   1.0,
   0.0,
   0.2,

   0.0,
   0.0,
   0.0,
   1.0
  ]
 },
 "dist_coeffs": [
  -0.249799,
  0.062593,
  0.00003,
  0.000366,
  -0.006532
 ],
 "calibration_timestamp": 1711306369592332476,
 "camera_id": "24-12",
 "camera_number": 0,
 "reprojection_error": 1.23409
}
