{
 "node_name": "orin1",
 "team_number": 6971,
 "intrinsics": [
  646.04834,
  0.0,
  703.327576,
  0.0,
  645.444458,
  527.86261,
  0.0,
  0.0,
  1.0
 ],
 "fixed_extrinsics": {
  "data": [
   0.0,
   -0.258819,
   -0.965926,
   -0.323293,
   1.0,
   0.0,
   -0.0,
   0.268249,
   0.0,
   -0.965926,
   0.258819,
   0.471129,
   0.0,
   0.0,
   0.0,
   1.0
  ]
 },
 "dist_coeffs": [
  -0.251594,
  0.064935,
  0.000479,
  0.000036,
  -0.007207
 ],
 "calibration_timestamp": 1708821845975708672,
 "camera_id": "24-10",
 "camera_number": 0,
 "reprojection_error": 1.523209
}
