{
 "node_name": "imu",
 "team_number": 9971,
 "intrinsics": [
  648.187805,
  0.0,
  736.903137,
  0.0,
  648.028687,
  557.169861,
  0.0,
  0.0,
  1.0
 ],
 "fixed_extrinsics": {
  "data": [
   -0.999204,
   -0.034711,
   -0.019682,
   0.162103,
   0.028118,
   -0.262536,
   -0.964512,
   -0.329348,
   0.028312,
   -0.964298,
   0.263303,
   0.562319,
   0.0,
   0.0,
   0.0,
   1.0
  ]
 },
 "dist_coeffs": [
  -0.265564,
  0.078084,
  -0.000231,
  0.000386,
  -0.010425
 ],
 "calibration_timestamp": 1711306369593360533,
 "camera_id": "24-09",
 "camera_number": 1,
 "reprojection_error": 1.881098
}
