{"image_filename": "test_images/train_power_port_red.png", "polygon_list": [[[451, 679], [451, 304], [100, 302], [451, 74], [689, 74], [689, 302], [689, 679]]], "polygon_list_3d": [[[7.9915, -1.0795, 0.0], [7.9915, -1.0795, 1.93548], [7.9915, 0.127, 1.93548], [7.9915, -1.0795, 3.1038799999999998], [7.9915, -2.2986999999999997, 3.1038799999999998], [7.9915, -2.2986999999999997, 1.93548], [7.9915, -2.2986999999999997, 0.0]]], "target_rotation": [[-1.0, -0.0, -0.0], [-0.0, -1.0, -0.0], [-0.0, -0.0, 1.0]], "target_position": [7.9915, -1.759, 2.494], "target_point_2d": [[[570.0, 192.0]]], "target_radius": 12.0}
