{"image_filename": "test_images/cc_power_port_blue-2021-10-29.png", "polygon_list": [[[256, 393], [258, 210], [156, 209], [266, 111], [374, 110], [376, 209], [380, 397]]], "polygon_list_3d": [[[7.9915, -1.0795, 0.0], [7.9915, -1.0795, 1.93548], [7.9915, 0.127, 1.93548], [7.9915, -1.0795, 3.1038799999999998], [7.9915, -2.2986999999999997, 3.1038799999999998], [7.9915, -2.2986999999999997, 1.93548], [7.9915, -2.2986999999999997, 0.0]]], "target_rotation": [[-1.0, -0.0, -0.0], [-0.0, -1.0, -0.0], [-0.0, -0.0, 1.0]], "target_position": [7.9915, -1.759, 2.494], "target_point_2d": [[[318.0, 162.0]]], "target_radius": 12.0}