{"image_filename": "test_images/partial_971_power_port_red_daytime_far.png", "polygon_list": [[[259, 363], [255, 230], [178, 234], [255, 169], [329, 164], [334, 225], [341, 361]]], "polygon_list_3d": [[[-7.9915, 1.089, 0.0], [-7.9915, 1.089, 2.0193], [-7.9915, -0.11749999999999994, 2.0193], [-7.9915, 1.089, 3.0225999999999997], [-7.9915, 2.3082, 3.0225999999999997], [-7.9915, 2.3082, 2.0193], [-7.9915, 2.3082, 0.0]]], "target_rotation": [[-1.0, -0.0, -0.0], [-0.0, -1.0, -0.0], [-0.0, -0.0, -1.0]], "target_position": [-7.9915, 1.6985999999999999, 2.464], "target_point_2d": [[[294.0, 198.0]]], "target_radius": 12.0}