{"image_filename": "test_images/partial_971_power_port_red_nighttime.png", "polygon_list": [[[217, 425], [215, 187], [78, 189], [212, 80], [344, 74], [347, 180], [370, 421]]], "polygon_list_3d": [[[-7.9915, 1.089, 0.0], [-7.9915, 1.089, 2.0193], [-7.9915, -0.11749999999999994, 2.0193], [-7.9915, 1.089, 3.0225999999999997], [-7.9915, 2.3082, 3.0225999999999997], [-7.9915, 2.3082, 2.0193], [-7.9915, 2.3082, 0.0]]], "target_rotation": [[-1.0, -0.0, -0.0], [-0.0, -1.0, -0.0], [-0.0, -0.0, -1.0]], "target_position": [-7.9915, 1.6985999999999999, 2.464], "target_point_2d": [[[282.0, 132.0]]], "target_radius": 12.0}