{"spline_count": 1, "spline_x": [-6.450040848214286, -6.124234821428573, -5.8165291294642865, -2.9023752232142854, -2.1059604910714285, -1.6353517857142856], "spline_y": [-2.932254241071428, -2.932254241071428, -2.9141539062499993, -3.2218595982142855, -2.6607492187499995, -2.244441517857142], "constraints": [{"constraint_type": "LONGITUDINAL_ACCELERATION", "value": 3.0}, {"constraint_type": "LATERAL_ACCELERATION", "value": 2.0}, {"constraint_type": "VOLTAGE", "value": 10.0}]}