{"spline_count": 2, "spline_x": [6.468141183035714, 6.156227508178545, 5.627928372772197, 5.618126908868124, 4.926607785226736, 4.384253622459038, 3.8418994596913407, 3.448710257797334, 2.6702357572801336, 1.9707990587626902, 1.441511105732058], "spline_y": [-3.493364620535714, -3.4921188608837532, -3.431437306632174, -3.364982889102878, -3.381212722774612, -3.3815433034902798, -3.3818738842059477, -3.3663052119655514, -3.293883383936489, -3.2050645805145246, -3.125670625960137], "constraints": [{"constraint_type": "LONGITUDINAL_ACCELERATION", "value": 3.5}, {"constraint_type": "LATERAL_ACCELERATION", "value": 2.0}, {"constraint_type": "VOLTAGE", "value": 12.0}, {"constraint_type": "VELOCITY", "value": 1.5, "start_distance": 1.6, "end_distance": 2.75}]}