{"spline_count": 1, "spline_x": [1.609310857796625, 2.5819120488556946, 3.506443404506549, 5.555694235956169, 5.989575501273337, 6.418880858416194], "spline_y": [0.6043502546533336, 0.69141924611354, 1.0213742193777775, 0.38712949808092717, 0.40845524312381665, 0.40845524312381665], "constraints": [{"constraint_type": "LONGITUDINAL_ACCELERATION", "value": 3.5}, {"constraint_type": "LATERAL_ACCELERATION", "value": 2}, {"constraint_type": "VOLTAGE", "value": 12.0}]}