{"spline_count": 1, "spline_x": [-1.6353517857142856, -2.1059604910714285, -2.9023752232142854, -5.8165291294642865, -6.124234821428573, -6.450040848214286], "spline_y": [-2.244441517857142, -2.6607492187499995, -3.2218595982142855, -2.9141539062499993, -2.932254241071428, -2.932254241071428], "constraints": [{"constraint_type": "LONGITUDINAL_ACCELERATION", "value": 3.0}, {"constraint_type": "LATERAL_ACCELERATION", "value": 2.0}, {"constraint_type": "VOLTAGE", "value": 10.0}]}