{"spline_count": 1, "spline_x": [1.6230056318540846, 2.595606822913154, 3.185901688984583, 5.530672564287547, 5.959977921430404, 6.389283278573261], "spline_y": [0.4224994345862587, 0.509568426046465, 0.509568426046465, 0.28192333408803366, 0.29981105730231944, 0.29981105730231944], "constraints": [{"constraint_type": "LONGITUDINAL_ACCELERATION", "value": 3.5}, {"constraint_type": "LATERAL_ACCELERATION", "value": 2}, {"constraint_type": "VOLTAGE", "value": 12.0}]}