{"spline_count": 1, "spline_x": [-1.7732711760760287, -2.7749836760760287, -3.3652785421474576, -5.591855376505261, -6.021160733648118, -6.450466090790975], "spline_y": [0.5796666966804032, 0.5975544198946889, 0.5975544198946889, 0.40105062588141127, 0.41893834909569705, 0.41893834909569705], "constraints": [{"constraint_type": "LONGITUDINAL_ACCELERATION", "value": 3}, {"constraint_type": "LATERAL_ACCELERATION", "value": 2}, {"constraint_type": "VOLTAGE", "value": 10}]}