{"spline_count": 2, "spline_x": [1.389061484581065, 2.1138941612201396, 2.2865982233539297, 3.1216159825232483, 3.763030179317507, 4.301019167021117, 4.839008154724727, 5.2735719333376885, 5.59798451182913, 5.734162859875811, 6.443454541551164], "spline_y": [-1.9039073778940578, -2.4139512321954397, -2.680729209318427, -3.1198721507158496, -3.0738965122418085, -3.0726645678919953, -3.071432623542182, -3.1149443733165967, -2.966418143397661, -2.9578217694545557, -2.957336170980663], "constraints": [{"constraint_type": "LONGITUDINAL_ACCELERATION", "value": 3.0}, {"constraint_type": "LATERAL_ACCELERATION", "value": 2.0}, {"constraint_type": "VOLTAGE", "value": 12.0}, {"constraint_type": "VELOCITY", "value": 1.5, "start_distance": 2.5, "end_distance": 3.6}]}