{"spline_count": 1, "spline_x": [-1.6929070022836754, -3.0269522872367363, -3.605574338541678, -5.591855376505261, -6.021160733648118, -6.450466090790975], "spline_y": [-0.3364848845524211, 0.515375357646521, 0.5475210271634618, 0.40105062588141127, 0.41893834909569705, 0.41893834909569705], "constraints": [{"constraint_type": "LONGITUDINAL_ACCELERATION", "value": 3}, {"constraint_type": "LATERAL_ACCELERATION", "value": 2}, {"constraint_type": "VOLTAGE", "value": 10}]}