{"spline_count": 1, "spline_x": [1.571420503593167, 3.182907251060901, 3.1860855438536575, 5.26674552341491, 4.916110025955861, 6.379956328994636], "spline_y": [-0.6670628799510845, 0.568653951467349, 0.5015288933650817, 0.5325195989567781, 0.24498490138963108, 0.24723266038664643], "constraints": [{"constraint_type": "LONGITUDINAL_ACCELERATION", "value": 3.5}, {"constraint_type": "LATERAL_ACCELERATION", "value": 2.5}, {"constraint_type": "VOLTAGE", "value": 12.0}, {"constraint_type": "VELOCITY", "value": 1.5, "start_distance": 4.1, "end_distance": 10.0}]}