{"spline_count": 1, "spline_x": [1.571420503593167, 3.533311283576554, 3.1860855438536575, 5.263533825984673, 4.912898328525625, 6.376744631564399], "spline_y": [-0.6670628799510845, 0.5594420208177215, 0.5015288933650817, 0.5641404302951452, 0.27660573272799804, 0.2788534917250134], "constraints": [{"constraint_type": "LONGITUDINAL_ACCELERATION", "value": 3.5}, {"constraint_type": "LATERAL_ACCELERATION", "value": 2.5}, {"constraint_type": "VOLTAGE", "value": 12.0}, {"constraint_type": "VELOCITY", "value": 1.5, "start_distance": 4.1, "end_distance": 10.0}]}