{"spline_count": 1, "spline_x": [6.389283278573261, 5.998153290606758, 4.236658486151713, 2.789187490908938, 2.3614674084109164, 1.571420503593167], "spline_y": [0.29981105730231944, 0.29981105730231944, 0.6546640312799279, 0.8695373532912908, -0.061240797065554964, -0.6670628799510845], "constraints": [{"constraint_type": "LONGITUDINAL_ACCELERATION", "value": 3.5}, {"constraint_type": "LATERAL_ACCELERATION", "value": 2.5}, {"constraint_type": "VOLTAGE", "value": 12.0}]}