{"spline_count": 2, "spline_x": [6.444059695844368, 5.977202894617023, 5.571532532121525, 5.64631894401731, 5.012590627058541, 4.364949107965309, 3.7173075888720764, 3.0557528676443795, 2.3031869947159427, 1.8583292479008144, 1.389061484581065], "spline_y": [-2.9458417329239843, -2.943862750565559, -2.96219050239874, -3.128181973537357, -3.0803143268366417, -3.079651639654858, -3.0789889524730745, -3.1255312248102225, -2.6948472310294784, -2.234117571800885, -1.9039073778940578], "constraints": [{"constraint_type": "LONGITUDINAL_ACCELERATION", "value": 3.0}, {"constraint_type": "LATERAL_ACCELERATION", "value": 2.0}, {"constraint_type": "VOLTAGE", "value": 12.0}, {"constraint_type": "VELOCITY", "value": 1.5, "start_distance": 1.6, "end_distance": 2.55}]}