{"spline_count": 1, "spline_x": [1.6230056318540846, 2.595606822913154, 3.5201381785640087, 5.572187770143549, 6.006069035460717, 6.435374392603574], "spline_y": [0.4224994345862587, 0.509568426046465, 0.8395233993107027, 0.4247693876940553, 0.4460951327369448, 0.4460951327369448], "constraints": [{"constraint_type": "LONGITUDINAL_ACCELERATION", "value": 3.5}, {"constraint_type": "LATERAL_ACCELERATION", "value": 2}, {"constraint_type": "VOLTAGE", "value": 12.0}]}