{"spline_count": 1, "spline_x": [6.435374392603574, 6.0442444046370705, 4.96865071295785, 2.8506937641800936, 2.4156145282058796, 1.571420503593167], "spline_y": [0.4460951327369448, 0.4460951327369448, 0.3376418389076542, 1.2164153540583742, -0.13930255865735708, -0.6670628799510845], "constraints": [{"constraint_type": "LONGITUDINAL_ACCELERATION", "value": 3.5}, {"constraint_type": "LATERAL_ACCELERATION", "value": 2.5}, {"constraint_type": "VOLTAGE", "value": 12.0}]}