{"spline_count": 2, "spline_x": [1.441511105732058, 2.158787794162399, 2.644327791138681, 3.0017835551344163, 3.810734918966552, 4.3709130304548385, 4.931091141943125, 5.242496001087563, 5.544694674297983, 5.965729060465805, 6.444059695844368], "spline_y": [-3.125670625960137, -3.233263161324085, -3.2028042659537914, -3.139500351375334, -3.125566969972238, -3.126688937308022, -3.127810904643806, -3.143988220718469, -2.9893341041515376, -2.943814113563144, -2.9458417329239843], "constraints": [{"constraint_type": "LONGITUDINAL_ACCELERATION", "value": 3.0}, {"constraint_type": "LATERAL_ACCELERATION", "value": 2.0}, {"constraint_type": "VOLTAGE", "value": 12.0}, {"constraint_type": "VELOCITY", "value": 1.5, "start_distance": 1.9, "end_distance": 10.0}]}