{"spline_count": 1, "spline_x": [6.530466090790975, 6.021160733648118, 5.591855376505261, 3.197458857773618, 2.607163991702189, 1.6230056318540846], "spline_y": [0.9493418961252269, 0.9493418961252269, 0.9314541729109411, 0.5106030443873093, 0.5106030443873093, 0.4224994345862587], "constraints": [{"constraint_type": "LONGITUDINAL_ACCELERATION", "value": 4.0}, {"constraint_type": "LATERAL_ACCELERATION", "value": 2}, {"constraint_type": "VOLTAGE", "value": 12.0}]}