{"spline_count": 1, "spline_x": [-6.468141183035714, -6.142335156250001, -5.834629464285714, -2.6851712053571433, -2.2145624999999995, -1.7620541294642855], "spline_y": [-3.493364620535714, -3.493364620535714, -3.4752642857142853, -3.0951572544642856, -3.0770569196428568, -3.0770569196428568], "constraints": [{"constraint_type": "LONGITUDINAL_ACCELERATION", "value": 3.0}, {"constraint_type": "LATERAL_ACCELERATION", "value": 2.0}, {"constraint_type": "VOLTAGE", "value": 10.0}]}