{"spline_count": 1, "spline_x": [1.609310857796625, 2.5819120488556946, 3.506443404506549, 5.556354709601551, 5.990235974918718, 6.419541332061575], "spline_y": [0.6043502546533336, 0.69141924611354, 1.0213742193777775, 0.22424951902207307, 0.24557526406496255, 0.24557526406496255], "constraints": [{"constraint_type": "LONGITUDINAL_ACCELERATION", "value": 3.5}, {"constraint_type": "LATERAL_ACCELERATION", "value": 2}, {"constraint_type": "VOLTAGE", "value": 12.0}]}