{"spline_count": 1, "spline_x": [-6.450466090790975, -6.448323209188465, -6.468936183333308, -5.63485982210851, -5.224861021501398, -4.383040925048516], "spline_y": [0.41893834909569705, -0.2089748700255587, -1.0435424455861884, -0.6390449134590346, -0.8779649804883709, -0.8766708249234052], "constraints": [{"constraint_type": "LONGITUDINAL_ACCELERATION", "value": 3}, {"constraint_type": "LATERAL_ACCELERATION", "value": 2}, {"constraint_type": "VOLTAGE", "value": 10}]}