{
 "node_name": "pi3",
 "team_number": 971,
 "intrinsics": [
  389.151123,
  0.0,
  340.096008,
  0.0,
  388.984833,
  245.953568,
  0.0,
  0.0,
  1.0
 ],
 "dist_coeffs": [
  0.143287,
  -0.24945,
  -0.000582,
  -0.000178,
  0.089156
 ],
 "calibration_timestamp": 1597931501569498021
}
