{
 "node_name": "pi3",
 "team_number": 9971,
 "intrinsics": [
  389.270599,
  0.0,
  298.88916,
  0.0,
  389.138214,
  241.097626,
  0.0,
  0.0,
  1.0
 ],
 "dist_coeffs": [
  0.125535,
  -0.212617,
  0.000391,
  -0.000844,
  0.060609
 ],
 "calibration_timestamp": 1597927427260798324
}
