{
 "node_name": "pi3",
 "team_number": 7971,
 "intrinsics": [
  389.0737,
  0.0,
  283.094513,
  0.0,
  389.047638,
  227.70932,
  0.0,
  0.0,
  1.0
 ],
 "dist_coeffs": [
  0.13731,
  -0.222632,
  0.000651,
  0.000001,
  0.059589
 ],
 "calibration_timestamp": 1584851950172513400
}