{
 "node_name": "pi1",
 "team_number": 7971,
 "intrinsics": [
  387.439758,
  0.0,
  358.201599,
  0.0,
  387.034973,
  232.376465,
  0.0,
  0.0,
  1.0
 ],
 "dist_coeffs": [
  0.140882,
  -0.237723,
  -0.000273,
  0.000602,
  0.084725
 ],
 "calibration_timestamp": 1584852452962241755
}