{
 "node_name": "pi2",
 "team_number": 971,
 "intrinsics": [
  394.258514,
  0.0,
  290.99823,
  0.0,
  394.159424,
  230.590912,
  0.0,
  0.0,
  1.0
 ],
 "dist_coeffs": [
  0.15002,
  -0.265071,
  -0.000614,
  -0.000109,
  0.099463
 ],
 "calibration_timestamp": 1634432563755702843
}
