{
 "node_name": "pi3",
 "team_number": 7971,
 "intrinsics": [
  389.35611,
  0.0,
  339.345673,
  0.0,
  389.516235,
  240.247787,
  0.0,
  0.0,
  1.0
 ],
 "dist_coeffs": [
  0.122511,
  -0.209383,
  -0.001212,
  0.000041,
  0.05674
 ],
 "calibration_timestamp": 1623537211977365877
}