{
 "node_name": "pi1",
 "team_number": 7971,
 "intrinsics": [
  392.276093,
  0.0,
  293.934753,
  0.0,
  392.30838,
  212.287537,
  0.0,
  0.0,
  1.0
 ],
 "dist_coeffs": [
  0.149561,
  -0.261432,
  -0.000182,
  -0.000697,
  0.099255
 ],
 "calibration_timestamp": 1597994992500905688
}
