{
 "node_name": "pi2",
 "team_number": 7971,
 "intrinsics": [
  390.917023,
  0.0,
  338.912598,
  0.0,
  390.893799,
  240.735367,
  0.0,
  0.0,
  1.0
 ],
 "dist_coeffs": [
  0.133992,
  -0.22539,
  -0.000965,
  -0.000223,
  0.067738
 ],
 "calibration_timestamp": 1584851688682329573
}