{
 "node_name": "pi1",
 "team_number": 9971,
 "intrinsics": [
  391.125,
  0.0,
  349.001648,
  0.0,
  391.048004,
  262.43631,
  0.0,
  0.0,
  1.0
 ],
 "dist_coeffs": [
  0.125864,
  -0.206491,
  0.001179,
  -0.002381,
  0.050531
 ],
 "calibration_timestamp": 1597921732462499129
}
