{
 "node_name": "pi4",
 "team_number": 7971,
 "intrinsics": [
  390.216858,
  0.0,
  291.966309,
  0.0,
  390.171906,
  223.897293,
  0.0,
  0.0,
  1.0
 ],
 "dist_coeffs": [
  0.137507,
  -0.221239,
  -0.000349,
  0.000203,
  0.057804
 ],
 "calibration_timestamp": 1584852240488542608
}