{
 "node_name": "pi1",
 "team_number": 7971,
 "intrinsics": [
  388.369812,
  0.0,
  292.325653,
  0.0,
  388.513733,
  224.371063,
  0.0,
  0.0,
  1.0
 ],
 "dist_coeffs": [
  0.126935,
  -0.218447,
  -0.000152,
  0.001158,
  0.06266
 ],
 "calibration_timestamp": 1623537339636386620
}