{
 "node_name": "pi5",
 "team_number": 971,
 "intrinsics": [
  393.942535,
  0.0,
  331.747345,
  0.0,
  393.74408,
  229.082443,
  0.0,
  0.0,
  1.0
 ],
 "dist_coeffs": [
  0.114918,
  -0.187027,
  -0.000172,
  0.000528,
  0.039838
 ],
 "calibration_timestamp": 1597935088551310200
}
