{
 "node_name": "pi4",
 "team_number": 971,
 "intrinsics": [
  390.175201,
  0.0,
  291.752258,
  0.0,
  390.163025,
  208.110153,
  0.0,
  0.0,
  1.0
 ],
 "dist_coeffs": [
  0.146071,
  -0.258493,
  0.000083,
  0.000091,
  0.097735
 ],
 "calibration_timestamp": 1597921379767009242
}
