{"spline_count": 1, "spline_x": [12.5006132329368, 15.51123630601629, 16.379093330114006, 14.017538081600794, 14.180421562227894, 15.536083464584115], "spline_y": [1.9185982114880447, 1.9182820428405384, 1.5882896426835666, 5.210732299124419, 5.779290830601553, 5.779456064593902], "constraints": [{"constraint_type": "LONGITUDINAL_ACCELERATION", "value": 2.0}, {"constraint_type": "LATERAL_ACCELERATION", "value": 2.0}, {"constraint_type": "VOLTAGE", "value": 6.0}]}
