{"spline_count": 1, "spline_x": [0.012595041322314211, 0.035615267944335935, -1.0700335235595704, 3.6841669830322266, 2.4339549224853516, 2.4026312530517577], "spline_y": [1.5869752066115703, -0.6927920150756836, -2.8280890045166016, -2.13918454284668, -0.8389284439086915, 1.5275657707214354], "constraints": [{"constraint_type": "LONGITUDINAL_ACCELERATION", "value": 5.5}, {"constraint_type": "LATERAL_ACCELERATION", "value": 5.5}, {"constraint_type": "VOLTAGE", "value": 9.999999999999993}]}