{"spline_count": 8, "spline_x": [-3.635843479156494, -3.2806723095703125, -3.1868360023498545, -2.858219025878906, -2.5751525830078124, -2.3197756127929687, -2.064398642578125, -1.8367111450195317, -1.7695840795898432, -0.7814239306640623, -0.18952982666015625, 0.40236427734374985, 0.5979923364257812, 1.9385774853515625, 2.5234608544921873, 2.8941172998046873, 3.2647737451171874, 3.4212032666015624, 4.386921788780882, 4.586409534109282, 4.4665292285156255, 4.346648922921969, 3.907400566406256, 2.758564643554687, 2.5834497895730655, 2.3319990527343752, 2.080548315895685, 1.7527616961999257, 1.7609669311523446, 0.8905572692871097, 0.13155197021484377, -0.6274533288574221, -1.2750542651367192, -1.6109939147949213, -2.028241729609699, -2.2553543746758296, -2.4824670197419603, -2.519444495059444, -3.4609283874195165, -3.690070111083984, -4.450609153747559], "spline_y": [-1.7265489738464355, -1.5607546752929686, -1.4611474120330816, -1.326837150878906, -1.023809600830078, -0.7159144409179687, -0.4080192810058594, -0.09525651123046863, -0.04151700073242237, 0.44292831298828117, 0.5805910729980469, 0.7182538330078126, 0.5091340393066406, 1.3885468725585939, 0.09532766967773454, -0.7626050793457031, -1.6205378283691407, -2.0431841235351564, -1.6678404465544734, -1.0808934231010208, -0.5693647814941407, -0.05783613988726066, 0.3782741198730468, 0.4133138415527349, -0.31849562837846057, -0.8944612170410157, -1.4704268057035708, -1.8905485130974853, -1.8685408300781232, -2.0658371594238267, -2.0819412927246095, -2.0980454260253922, -1.932957363281254, -1.7455779479980467, -1.3180884153753891, -0.7902526419865145, -0.2624168685976398, 0.365765145557452, 1.047112901958292, 1.014591268157959, 1.6061016746520995], "constraints": [{"constraint_type": "LONGITUDINAL_ACCELERATION", "value": 6.999999999999993}, {"constraint_type": "LATERAL_ACCELERATION", "value": 6.999999999999993}, {"constraint_type": "VOLTAGE", "value": 12.0}]}