{"spline_count": 2, "spline_x": [-2.300972622575431, -2.2976492889404296, -2.2449048339843745, -2.0912932800292934, -1.8907473815917966, -1.6507643554687499, -1.4107813293457032, -1.1313611755371067, 0.10809223937988281, -0.002871917724609375, -0.0033345198006461863], "spline_y": [1.52789615352236, 0.8841274291992188, 0.5057435485839843, 0.6903293746948247, 0.10570575714111341, -0.4938134628295899, -1.0933326828002932, -1.7077475051879885, -2.2848872772216797, -1.0112510650634765, 1.5787289769665949], "constraints": [{"constraint_type": "LONGITUDINAL_ACCELERATION", "value": 6.0}, {"constraint_type": "LATERAL_ACCELERATION", "value": 6.0}, {"constraint_type": "VOLTAGE", "value": 12.0}]}