{"spline_count": 1, "spline_x": [-3.854933303833008, -3.1908587219238282, -2.8742285649343122, -2.3949857243581434, -2.3116481497990145, -2.304892561983471], "spline_y": [0.04259449310302734, 0.04866970367431641, 0.12185038589540864, 0.3335849649896266, 0.9762657982284103, 1.5617851239669422], "constraints": [{"constraint_type": "LONGITUDINAL_ACCELERATION", "value": 6.0}, {"constraint_type": "LATERAL_ACCELERATION", "value": 6.0}, {"constraint_type": "VOLTAGE", "value": 9.999999999999993}]}