{"spline_count": 2, "spline_x": [-2.300972622575431, -2.276803448275862, -2.2713968817349137, -1.6818424905711238, -1.7119211678340525, -1.5873674232219828, -1.462813678609913, -1.183627512122845, 0.07931769261853441, 0.20563043170797451, -0.0033345198006461863], "spline_y": [1.52789615352236, 0.9051463547279094, 0.30167396787446127, -0.15916462318157443, -0.3509412092537718, -0.7144320935479526, -1.0779229778421333, -1.6131281603582976, -2.2125802633351292, -1.0379113062365304, 1.5787289769665949], "constraints": [{"constraint_type": "LONGITUDINAL_ACCELERATION", "value": 6.0}, {"constraint_type": "LATERAL_ACCELERATION", "value": 6.0}, {"constraint_type": "VOLTAGE", "value": 10.0}]}