{"spline_count": 1, "spline_x": [2.2545123966942158, 2.2545123966942158, 2.3716765227891603, 2.7544087339535794, 3.0050034929330915, 3.765917355371901], "spline_y": [1.536595041322314, 0.9572231404958678, 0.689289587250389, 0.2103741125842842, 0.05097942228831691, 0.0503801652892562], "constraints": [{"constraint_type": "LONGITUDINAL_ACCELERATION", "value": 6.0}, {"constraint_type": "LATERAL_ACCELERATION", "value": 6.0}, {"constraint_type": "VOLTAGE", "value": 2.0}]}