{"spline_count": 4, "spline_x": [-3.439527264404297, -1.4521381072998047, -1.9621627899169916, 2.3140273590087896, -0.15155005187988285, -1.2099180084228516, -2.2682859649658202, -1.9194444671630853, 2.2364890686035164, 3.0541333465576175, 2.1377636993408204, 1.2213940521240234, -1.428989520263672, 1.0701125885009766, 3.340432150268555, 3.8391586853027344, 4.337885220336914, 3.065018728637696, 2.9864502685546874, 0.33045889892578123, -3.72018571472168], "spline_y": [0.0026085617065429684, -0.004877609252929687, -0.094301220703125, 0.4880167236328125, -1.993748071289062, -1.4883794998168944, -0.9830109283447268, 2.509491009521483, -2.4357923103332517, 0.09796495056152343, 1.1720165428161622, 2.246068135070801, 1.8604140586853029, -2.8892405044555662, -2.3678153549194336, -1.3137169052124023, -0.2596184555053709, 1.3271532943725592, -0.6553675552368162, -0.01534266815185547, -0.04329328765869141], "constraints": [{"constraint_type": "LONGITUDINAL_ACCELERATION", "value": 7.499999999999998}, {"constraint_type": "LATERAL_ACCELERATION", "value": 8.499999999999995}, {"constraint_type": "VOLTAGE", "value": 11.999999999999993}]}