{"spline_count": 8, "spline_x": [-3.4749518463134765, -3.1365934295654294, -2.9590075597612686, -2.760017578125, -2.5225692810058593, -2.273429890106328, -2.0242904992067965, -1.7634600145268742, -1.4530334014892579, -1.1285066986083985, -0.68847890625, -0.24845111389160157, 0.30707776794433594, 1.871516759595437, 2.184855541688278, 2.417896609990923, 2.650937678293568, 2.8036810328060167, 3.5928316545035397, 3.8742948612577215, 3.853217129516602, 3.832139397775482, 3.5085207275390626, 2.5905665683350616, 2.4835600727761933, 2.3169760114107887, 2.150391950045384, 1.9242303228734432, 1.4789411224365234, 1.0076788024902341, 0.21033948669433594, -0.5869998291015622, -1.7104161407470695, -1.6109939147949213, -2.028241729609699, -2.2553543746758296, -2.4824670197419603, -2.519444495059444, -3.4609283874195165, -3.690070111083984, -4.450609153747559], "spline_y": [-1.6666796630859375, -1.5026007247924806, -1.3657751963192004, -1.3422337692260742, -1.0754058700561524, -0.758464560101141, -0.4415232501461297, -0.07446852940602877, 0.20931454925537119, 0.2820978973388672, 0.3545516143798828, 0.4270053314208984, 0.49912941741943356, 0.32144404823651485, -0.1969548795707987, -0.7699543538073782, -1.3429538280439577, -1.970553848709803, -1.7554159149993005, -1.2416998867240683, -0.7131605392456054, -0.18462119176714253, 0.3587414749145508, 0.459862695717713, -0.20117116182572614, -0.7732763550311204, -1.3453815482365146, -1.8285580771038639, -1.8799707138061523, -2.1832105377197277, -2.2168379425048825, -2.2504653472900373, -2.0144803329467713, -1.7455779479980467, -1.3180884153753891, -0.7902526419865145, -0.2624168685976398, 0.365765145557452, 1.047112901958292, 1.014591268157959, 1.6061016746520995], "constraints": [{"constraint_type": "LONGITUDINAL_ACCELERATION", "value": 6.999999999999993}, {"constraint_type": "LATERAL_ACCELERATION", "value": 6.999999999999993}, {"constraint_type": "VOLTAGE", "value": 12.0}]}