{"spline_count": 4, "spline_x": [-3.5151586543642246, -1.2633519160829738, -2.297498255657327, 1.1754522292564646, 0.25745854323814676, -0.7822290779903016, -1.8219166992187499, -2.9832982556573286, 1.6870655879579743, 3.523102997036638, 2.9234051993534482, 2.3237074016702586, -0.7117256027747842, 3.7385689150053842, 4.347868692753233, 4.316222188173492, 4.284575683593751, 3.6119828966864205, 2.755791372575431, -0.025793453663793216, -3.4092430664062503], "spline_y": [-0.018909511382004314, -0.3377051286368535, -0.43696450700431033, 0.21068866345635773, -1.5383952720905172, -1.337796770608836, -1.137198269127155, 1.0130826693830821, -1.773396164466595, 0.1875150979929956, 1.0503166436557112, 1.9131181893184268, 1.6778100181842674, -2.026659294181035, -1.4836913136449355, -0.8316111479660561, -0.17953098228717668, 0.5816613685344825, 0.013016687432650737, 0.35339494881465516, 0.2666422649515086], "constraints": [{"constraint_type": "LONGITUDINAL_ACCELERATION", "value": 3.0}, {"constraint_type": "LATERAL_ACCELERATION", "value": 2.0}, {"constraint_type": "VOLTAGE", "value": 10.0}]}