{"spline_count": 1, "spline_x": [0.012595041322314211, -0.1130877609569499, -0.17110139636281083, 2.5749025625648345, 2.4596194323781124, 2.304892561983471], "spline_y": [1.5869752066115703, -1.207064795529694, -2.512129978037474, -2.7245033896038637, -1.2752370311689574, 1.536595041322314], "constraints": [{"constraint_type": "LONGITUDINAL_ACCELERATION", "value": 6.0}, {"constraint_type": "LATERAL_ACCELERATION", "value": 6.0}, {"constraint_type": "VOLTAGE", "value": 2.0}]}