{"spline_count": 1, "spline_x": [-3.841487603305785, -3.3755947873443977, -3.0957801579518933, -2.3949857243581434, -2.3116481497990145, -2.304892561983471], "spline_y": [0.0503801652892562, 0.05652844187629669, 0.11639432357851401, 0.3335849649896266, 0.9762657982284103, 1.5617851239669422], "constraints": [{"constraint_type": "LONGITUDINAL_ACCELERATION", "value": 6.0}, {"constraint_type": "LATERAL_ACCELERATION", "value": 6.0}, {"constraint_type": "VOLTAGE", "value": 2.0}]}
