{"spline_count": 4, "spline_x": [-2.83922621565194, -1.7877183054956893, -2.4347485789331897, 2.727561499865301, 2.2675927835398713, 2.4492272460937508, 2.6308617086476302, 3.454099350080819, 4.289633273841593, 3.7436675612877157, 3.1282709624191813, 2.512874363550647, 1.8280468783674575, -0.3996907596982755, -1.1217406721443965, -1.6508708445581897, -2.180001016971983, -2.516211449353448, -2.5429838328394396, -2.9055060513200424, -3.3566797952586205], "spline_y": [-1.331782061557112, -0.236435287580819, -0.006246290746228449, 0.3664071457435343, -0.39485641163793095, -0.8548764480064655, -1.314896484375, -1.4736729997306037, -1.1858400474811426, -0.044964055765086164, -0.2042390170393319, -0.3635139783135776, -1.8229398925781257, -1.3602454404633617, -1.3556067500673492, -1.2883043625404096, -1.22100197501347, -1.0910358903556032, -0.785399373653017, -0.41416686085668103, -0.06881761179956897], "constraints": [{"constraint_type": "LONGITUDINAL_ACCELERATION", "value": 3.0}, {"constraint_type": "LATERAL_ACCELERATION", "value": 2.0}, {"constraint_type": "VOLTAGE", "value": 2.0}]}
