{"spline_count": 1, "spline_x": [0.012595041322314211, -0.11335537190082647, -0.18892561983471026, 2.3804628099173564, 2.3804628099173564, 2.304892561983471], "spline_y": [1.5869752066115703, -1.234314049586777, -2.241917355371901, -2.4182479338842975, -1.209123966942149, 1.536595041322314], "constraints": [{"constraint_type": "LONGITUDINAL_ACCELERATION", "value": 3.0}, {"constraint_type": "LATERAL_ACCELERATION", "value": 2.0}, {"constraint_type": "VOLTAGE", "value": 10.0}]}