{"spline_count": 4, "spline_x": [-3.439527264404297, -1.4521381072998047, -1.9621627899169916, 2.661975888061524, 0.06282058410644531, -1.1731946685791015, -2.4092099212646483, -2.2820851226806633, 2.9662840576171883, 4.035525769042969, 2.715648193359375, 1.3957706176757811, -2.313226245117187, 1.953077297973632, 4.110928143310546, 4.481738067626953, 4.85254799194336, 3.436316995239258, 1.6429130905151372, -1.0130782791137694, -4.985386976623535], "spline_y": [0.0026085617065429684, -0.004877609252929687, -0.094301220703125, 1.5597702003479004, -2.059494058227539, -1.5799808853149415, -1.1004677124023439, 3.477822891998291, -3.3979725334167483, 0.032006476593017474, 1.223588104248047, 2.4151697319030765, 1.3683539772033693, -3.5761337516784657, -2.7649265808105468, -1.4880899826049805, -0.2112533843994142, 1.531212641143799, -0.560890182495117, 0.07913470458984374, -0.04733257598876953], "constraints": [{"constraint_type": "LONGITUDINAL_ACCELERATION", "value": 7.499999999999998}, {"constraint_type": "LATERAL_ACCELERATION", "value": 8.499999999999995}, {"constraint_type": "VOLTAGE", "value": 11.999999999999993}]}