{"spline_count": 1, "spline_x": [-3.841487603305785, -3.186545454545455, -2.7835041322314047, -2.58198347107438, -2.405652892561984, -2.304892561983471], "spline_y": [0.0503801652892562, 0.1007603305785124, 0.22671074380165293, 0.4786115702479339, 0.8564628099173552, 1.5617851239669422], "constraints": [{"constraint_type": "LONGITUDINAL_ACCELERATION", "value": 3.0}, {"constraint_type": "LATERAL_ACCELERATION", "value": 2.0}, {"constraint_type": "VOLTAGE", "value": 2.0}]}
