{"spline_count": 1, "spline_x": [-3.6514654907226562, -2.933625585937499, -2.8310597534179687, -2.3949857243581434, -2.3116481497990145, -2.304892561983471], "spline_y": [-0.0021888198852539065, -0.012177745056152347, 0.24826333465576164, 0.3335849649896266, 0.9762657982284103, 1.5617851239669422], "constraints": [{"constraint_type": "LONGITUDINAL_ACCELERATION", "value": 6.0}, {"constraint_type": "LATERAL_ACCELERATION", "value": 6.0}, {"constraint_type": "VOLTAGE", "value": 12.0}]}