{"spline_count": 1, "spline_x": [2.420588296508789, 2.4232765045166014, 2.411430715942383, 3.181959380926238, 3.284892517089844, 3.989023956298828], "spline_y": [1.5176544570922852, 0.9584327774047853, 0.49865735321044924, 0.1483674322864324, -0.07779583282470703, -0.5024309600830078], "constraints": [{"constraint_type": "LONGITUDINAL_ACCELERATION", "value": 5.5}, {"constraint_type": "LATERAL_ACCELERATION", "value": 5.5}, {"constraint_type": "VOLTAGE", "value": 12.0}]}