{"spline_count": 1, "spline_x": [2.2545123966942158, 2.2545123966942158, 2.4056528925619842, 2.5567933884297522, 3.010214876033058, 3.765917355371901], "spline_y": [1.536595041322314, 0.9572231404958678, 0.6297520661157024, 0.2015206611570248, 0.0251900826446281, 0.0503801652892562], "constraints": [{"constraint_type": "LONGITUDINAL_ACCELERATION", "value": 3.0}, {"constraint_type": "LATERAL_ACCELERATION", "value": 2.0}, {"constraint_type": "VOLTAGE", "value": 10.0}]}