{"spline_count": 1, "spline_x": [2.420588296508789, 2.4232765045166014, 2.5394848846055655, 2.5435332334653036, 2.696887710571289, 3.661613708496094], "spline_y": [1.5176544570922852, 0.9584327774047853, 0.7181724172979964, 0.2998157461902411, 0.1163405731201172, 0.12068274993896484], "constraints": [{"constraint_type": "LONGITUDINAL_ACCELERATION", "value": 5.5}, {"constraint_type": "LATERAL_ACCELERATION", "value": 5.5}, {"constraint_type": "VOLTAGE", "value": 9.999999999999993}]}