{"spline_count": 1, "spline_x": [-2.304892561983471, -2.1789421487603304, -1.6751404958677685, -0.3904462809917355, 0.08816528925619875, -0.012595041322314211], "spline_y": [1.5617851239669422, 0.251900826446281, -1.2846942148760332, -2.6701487603305787, -1.4106446280991736, 1.5114049586776859], "constraints": [{"constraint_type": "LONGITUDINAL_ACCELERATION", "value": 3.0}, {"constraint_type": "LATERAL_ACCELERATION", "value": 2.0}, {"constraint_type": "VOLTAGE", "value": 2.0}]}
