{"spline_count": 1, "spline_x": [-5.265658676891484, -4.506548152324582, -3.9768989099928174, -3.455392453356026, -2.7826532359982323, -2.197294440050362], "spline_y": [-0.18454159151187616, -0.14940533686866445, -0.23880801776223934, -0.23880801776223934, 0.055956793313775184, 0.5131957091906839], "constraints": [{"constraint_type": "LONGITUDINAL_ACCELERATION", "value": 3}, {"constraint_type": "LATERAL_ACCELERATION", "value": 2}, {"constraint_type": "VOLTAGE", "value": 10}]}