{"spline_count": 3, "spline_x": [-3.8589564582257236, -2.706301079868285, -1.8662093637009298, -1.3063849916064052, -0.4873721348786154, -0.00625139624225228, 0.4748693423941108, 0.6180979629390473, -0.009563129519629676, 0.15372038836518587, 0.6260651875645665, 1.0984099867639472, 1.879816067277893, 2.9980503292871896, 3.5245728709323347, 4.3991472026730385], "spline_y": [-1.6780186596074382, -1.8082232817342458, -1.892411108600207, -1.749871279377583, -1.9347886872094529, -1.488971578802944, -1.0431544703964353, 0.03339715424845213, -0.09653840876807873, 0.6210084137719525, 0.8305055244382749, 1.0400026351045972, 0.7414500338972108, -0.9412994536092459, -1.2421690381262913, -1.7536811563791324], "constraints": [{"constraint_type": "LONGITUDINAL_ACCELERATION", "value": 3.0}, {"constraint_type": "LATERAL_ACCELERATION", "value": 2.0}, {"constraint_type": "VOLTAGE", "value": 2.0}]}
