{"spline_count": 2, "spline_x": [-3.392645926339286, -2.154575892857143, -1.9643174545865811, -1.8674530715821605, -1.4586490399672885, -0.7749665868973982, -0.09128413382750789, 0.8672767406974007, 0.3081139946408683, 0.39452214556653653, 4.533722882231405], "spline_y": [1.5839347098214285, 0.8960059988839286, 0.540389038357809, -0.3293477472090389, -0.755995497807628, -0.7561097332951151, -0.7562239687826022, -0.3298046891589874, 1.1545971581813754, 1.2564632146958519, 1.674700392037384], "constraints": [{"constraint_type": "LONGITUDINAL_ACCELERATION", "value": 3}, {"constraint_type": "LATERAL_ACCELERATION", "value": 2}, {"constraint_type": "VOLTAGE", "value": 4.0}]}
