{"spline_count": 2, "spline_x": [-3.240201058959961, -2.4673773010253908, -2.0606439880371092, -2.3827150268554687, -1.8442327789306632, -1.3579938537597656, -0.8717549285888679, -0.43775932617187774, 0.2918380004882813, 0.4791974945068359, 4.533722882231405], "spline_y": [1.6369277000427247, 0.9154947006225586, 0.668192935180664, -0.5594466659545898, -1.08513957824707, -1.0174198745727538, -0.9497001708984376, -0.28856785125732465, 0.613231755065918, 1.6393723182678221, 1.674700392037384], "constraints": [{"constraint_type": "LONGITUDINAL_ACCELERATION", "value": 6.0}, {"constraint_type": "LATERAL_ACCELERATION", "value": 6.0}, {"constraint_type": "VOLTAGE", "value": 12.0}]}