{"spline_count": 3, "spline_x": [-3.368782745361328, -2.2354461090087887, -1.4045700997849144, -1.7840407197558215, -0.9349464202880862, -0.4274192596435547, 0.08010790100097676, 0.24606792282230439, -0.7738946228027348, -0.3780420410156249, 0.16000186157226565, 0.6980457641601562, 1.3782809875488273, 2.5139577847315264, 3.0543124053955077, 4.539442684936523], "spline_y": [-1.5853468368530275, -1.5885472229003905, -1.6684259431949335, -2.030274512714982, -2.168715298461914, -1.8642716720581054, -1.5598280456542968, -0.8125000070997483, -0.2118207916259753, 0.4719089859008792, 0.7151854156494141, 0.958461845397949, 0.7612849273681641, 0.032713186771613084, -0.2212173110961914, -0.32124376373291014], "constraints": [{"constraint_type": "LONGITUDINAL_ACCELERATION", "value": 6.500000000000002}, {"constraint_type": "LATERAL_ACCELERATION", "value": 6.5}, {"constraint_type": "VOLTAGE", "value": 12.0}]}