{"spline_count": 3, "spline_x": [-3.5430995125258264, -2.833856622869318, -2.2671351126678716, -1.5517361505681804, -1.0942218895273754, -0.7058266076962806, -0.3174313258651858, 0.0018449767561987526, -0.7213536245803214, -0.46077833241864685, 0.08654170971074387, 0.6338617518401346, 1.4679265439372415, 1.8681219896048553, 2.4377923876549588, 4.128750484245868], "spline_y": [1.345144878292872, 0.563397477079029, -0.10274521807205578, -0.6578218499806299, -0.8755060450025827, -0.6711287448347107, -0.4667514446668389, 0.15968735069085743, 0.5673580271823342, 1.1876484375, 1.4852908501743287, 1.7829332628486574, 1.7579276778796489, 1.8390174812758264, 1.9139266125387395, 1.8437913586324897], "constraints": [{"constraint_type": "LONGITUDINAL_ACCELERATION", "value": 3.0}, {"constraint_type": "LATERAL_ACCELERATION", "value": 2.0}, {"constraint_type": "VOLTAGE", "value": 4.0}]}
