{"spline_count": 3, "spline_x": [-3.39804026184082, -2.5546545318603515, -1.435279833984375, -0.8065054229736328, -0.3800140136718751, -0.1415320587158203, 0.09694989624023448, 0.14742239685058633, 0.034176983642578485, 0.5247121582031249, 1.0381308197021484, 1.5515494812011719, 2.0878516296386724, 2.9319645687387026, 3.410061621093749, 4.521204263305664], "spline_y": [-1.5841195861816406, -1.5982576766967775, -1.4621136611938477, -1.5811784866333012, -1.4247781494140626, -1.0768819427490233, -0.728985736083984, -0.18959365997314404, 0.6665802429199221, 0.8889393447875978, 0.8239869140625, 0.7590344833374022, 0.40677052001953085, -1.1703205167029511, -0.9773118576049802, -1.9656096725463867], "constraints": [{"constraint_type": "LONGITUDINAL_ACCELERATION", "value": 6.5}, {"constraint_type": "LATERAL_ACCELERATION", "value": 6.5}, {"constraint_type": "VOLTAGE", "value": 12.0}]}