{"spline_count": 3, "spline_x": [-4.150494304057981, -3.3986216889688787, -2.2755236069860536, -0.7710065615315085, -0.3059309707515497, 0.07081943278667355, 0.4475698363248968, 0.7359950526213844, 0.6477528893336757, 0.9985598447184914, 1.5433015318310954, 2.0880432189436995, 2.826719637784092, 2.54224882166839, 3.098134168388431, 4.279168364217459], "spline_y": [-1.8370325937822833, -1.7225587047230115, -1.4951960691341684, -1.2591343681398501, -1.052224068633781, -0.746549088407154, -0.44087410818052697, -0.03643444723334266, 0.4353676213035902, 0.7416545188210228, 0.7718694725351886, 0.8020844262493543, 0.5562274361602532, -0.9685113232825411, -0.8008121610278923, -1.6595312237700157], "constraints": [{"constraint_type": "LONGITUDINAL_ACCELERATION", "value": 3.0}, {"constraint_type": "LATERAL_ACCELERATION", "value": 2.0}, {"constraint_type": "VOLTAGE", "value": 4.0}]}
