{"spline_count": 3, "spline_x": [-3.251309683227539, -2.471539837646484, -1.9919760864257812, -1.8171762908935547, -1.2402998748779297, -0.9586693908691406, -0.6770389068603515, -0.6906543548583981, -0.8745954528808596, -0.8974987060546875, -0.6056990753173828, -0.313899444580078, 0.2926030700683593, 1.7207530778616913, 2.3043570190429685, 4.025684509277344], "spline_y": [0.9793806266784668, 0.18692638092041014, -0.29821900634765625, -1.2191290740966798, -1.1123914031982423, -0.7905331420898437, -0.46867488098144516, 0.06830397033691415, 0.41884652709960957, 0.8500789260864258, 1.2572325622558593, 1.664386198425293, 2.047461071777344, 1.5242765182936486, 1.6542623977661133, 1.652634299468994], "constraints": [{"constraint_type": "LONGITUDINAL_ACCELERATION", "value": 6.5}, {"constraint_type": "LATERAL_ACCELERATION", "value": 6.5}, {"constraint_type": "VOLTAGE", "value": 12.0}]}