{"spline_count": 2, "spline_x": [-3.240201058959961, -2.4673773010253908, -2.0606439880371092, -2.382715026855468, -1.8442327789306632, -1.3579938537597656, -0.8717549285888679, -0.43775932617187774, 1.049137124633789, 1.4791974945068358, 5.533722882231405], "spline_y": [1.6369277000427247, 0.9154947006225586, 0.668192935180664, -0.5594466659545896, -1.08513957824707, -1.0174198745727538, -0.9497001708984376, -0.28856785125732465, 1.066637509918213, 1.6393723182678221, 1.674700392037384], "constraints": [{"constraint_type": "LONGITUDINAL_ACCELERATION", "value": 6.0}, {"constraint_type": "LATERAL_ACCELERATION", "value": 6.0}, {"constraint_type": "VOLTAGE", "value": 12.0}]}