{"spline_count": 1, "spline_x": [2.707560494479258, 3.150985033912021, 3.587658957056669, 5.119307937915229, 5.46161202948668, 5.913474803230813], "spline_y": [1.79, 1.79, 1.9673439619806328, 1.4950555659255436, 1.193199959383944, 2.1384214060453353], "constraints": [{"constraint_type": "LONGITUDINAL_ACCELERATION", "value": 4.0}, {"constraint_type": "LATERAL_ACCELERATION", "value": 3.5}, {"constraint_type": "VOLTAGE", "value": 11.0}]}