{"spline_count": 1, "spline_x": [7.7800199105347785, 6.7273880265870964, 5.286246866759816, 5.830852655684724, 4.612191670587221, 3.558808136254461], "spline_y": [0.6429818532173177, 0.6377075298650245, 0.7746133820910694, 1.4985528813730233, 1.80016906071158, 1.7894034762792161], "constraints": [{"constraint_type": "LONGITUDINAL_ACCELERATION", "value": 5.5}, {"constraint_type": "LATERAL_ACCELERATION", "value": 4.0}, {"constraint_type": "VOLTAGE", "value": 11.0}]}