{"spline_count": 1, "spline_x": [3.1836826530612243, 3.2953908163265306, 3.602588265306122, 4.635888775510204, 5.250283673469387, 5.948459693877551], "spline_y": [2.4575795918367347, 3.0161204081632653, 4.915159183673469, 6.590781632653061, 7.400665816326531, 7.428592857142857], "constraints": [{"constraint_type": "LONGITUDINAL_ACCELERATION", "value": 3}, {"constraint_type": "LATERAL_ACCELERATION", "value": 2}, {"constraint_type": "VOLTAGE", "value": 10}]}