{"spline_count": 1, "spline_x": [5.709874873096447, 4.5984637055837565, 4.112221319796954, 3.8482611675126903, 3.7232274111675125, 3.3481261421319797], "spline_y": [0.8057730964467005, 0.7779878172588832, 1.4170492385786801, 2.875776395939086, 4.167791878172588, 5.862693908629441], "constraints": [{"constraint_type": "LONGITUDINAL_ACCELERATION", "value": 3.0}, {"constraint_type": "LATERAL_ACCELERATION", "value": 2.0}, {"constraint_type": "VOLTAGE", "value": 10.0}]}