{"spline_count": 1, "spline_x": [3.31276940587483, 3.2907022466964535, 4.149941560222061, 3.9732949238578668, 4.6679269035533, 5.751552791878172], "spline_y": [2.721120947225566, 1.4302342949805793, 1.6475505418770833, 1.4726197969543149, 0.8891289340101522, 0.8335583756345177], "constraints": [{"constraint_type": "LONGITUDINAL_ACCELERATION", "value": 3.0}, {"constraint_type": "LATERAL_ACCELERATION", "value": 2.0}, {"constraint_type": "VOLTAGE", "value": 10.0}]}