{"spline_count": 1, "spline_x": [7.987133673469388, 5.613335204081633, 5.613335204081633, 4.719669897959184, 3.630515306122449, 3.099901530612245], "spline_y": [0.6981760204081633, 0.6423219387755102, 0.6143948979591837, 1.2846438775510205, 1.9269658163265306, 2.4017255102040815], "constraints": [{"constraint_type": "LONGITUDINAL_ACCELERATION", "value": 3}, {"constraint_type": "LATERAL_ACCELERATION", "value": 2}, {"constraint_type": "VOLTAGE", "value": 10}]}