{"spline_count": 1, "spline_x": [3.558808136254461, 4.612191670587221, 5.440321231581482, 4.7136396743531925, 6.871486137929907, 7.777254400492434], "spline_y": [1.7894034762792161, 1.80016906071158, 1.714597797528574, 0.5544596492306492, 0.6629242570518812, 0.6561351444944246], "constraints": [{"constraint_type": "LONGITUDINAL_ACCELERATION", "value": 4.0}, {"constraint_type": "LATERAL_ACCELERATION", "value": 3.0}, {"constraint_type": "VOLTAGE", "value": 9.0}]}