{"spline_count": 1, "spline_x": [3.0719744897959185, 3.798077551020408, 5.082721428571428, 5.473700000000001, 6.981760204081634, 7.7916443877551025], "spline_y": [2.373798469387755, 2.373798469387755, 1.368425, 0.33512448979591836, 0.7261030612244898, 0.6981760204081633], "constraints": [{"constraint_type": "LONGITUDINAL_ACCELERATION", "value": 3.0}, {"constraint_type": "LATERAL_ACCELERATION", "value": 2.0}, {"constraint_type": "VOLTAGE", "value": 10.0}]}