{"spline_count": 1, "spline_x": [3.1278285714285716, 3.1278285714285716, 3.686369387755104, 4.859305102040815, 5.4178459183673455, 5.948459693877551], "spline_y": [5.641262244897959, 6.255657142857143, 6.7304168367346975, 7.4565198979591845, 7.4565198979591845, 7.428592857142857], "constraints": [{"constraint_type": "LONGITUDINAL_ACCELERATION", "value": 3}, {"constraint_type": "LATERAL_ACCELERATION", "value": 2}, {"constraint_type": "VOLTAGE", "value": 10}]}