{"spline_count": 1, "spline_x": [8.02107576923077, 7.157915384615384, 6.042122692307692, 5.010540769230768, 4.2315911538461535, 3.368430769230769], "spline_y": [7.389495, 7.431600384615384, 6.652650769230769, 6.1473861538461545, 5.7684376923076925, 5.7473849999999995], "constraints": [{"constraint_type": "LONGITUDINAL_ACCELERATION", "value": 3.0}, {"constraint_type": "LATERAL_ACCELERATION", "value": 2.0}, {"constraint_type": "VOLTAGE", "value": 10.0}]} 