{"spline_count": 1, "spline_x": [3.340495531674842, 3.3229239110760016, 4.483964997108113, 6.058132772881773, 7.084092118999326, 8.012654807002901], "spline_y": [5.730681749413974, 6.367337321705237, 7.14109740201818, 7.627912651837696, 7.449284138182865, 7.4135680036085025], "constraints": [{"constraint_type": "LONGITUDINAL_ACCELERATION", "value": 3.0}, {"constraint_type": "LATERAL_ACCELERATION", "value": 2.0}, {"constraint_type": "VOLTAGE", "value": 10.0}]}