{
    "paths": [
        {
            "splines": [
                [
                    [
                        -1.5451511055016365,
                        0.14687539840424382
                    ],
                    [
                        -1.9260991600439301,
                        0.15516323738829388
                    ],
                    [
                        -2.1702343172634766,
                        0.14835212202033368
                    ],
                    [
                        -2.7531335895736384,
                        1.6307505250390404
                    ],
                    [
                        -2.9851489116010317,
                        1.6307505250390404
                    ],
                    [
                        -4.384120938507798,
                        1.610408022473189
                    ]
                ],
                [
                    [
                        -4.384120938507798,
                        1.610408022473189
                    ],
                    [
                        -5.783092965414565,
                        1.590065519907337
                    ],
                    [
                        -6.187328772614117,
                        1.0974031298828835
                    ],
                    [
                        -7.174818086140706,
                        -1.8324467712773598
                    ],
                    [
                        -3.486455472625498,
                        -1.9852191872217764
                    ],
                    [
                        -3.8465622121712233,
                        -1.1667956271473057
                    ]
                ]
            ],
            "rot_breakpoints": [
                [
                    0,
                    3.141592
                ],
                [
                    0.66,
                    5.604834041157218
                ],
                [
                    1,
                    8.37758040957
                ]
            ],
            "constraints": [],
            "startDelay": 0
        }
    ],
    "global_constraints": {
        "max_velocity": null,
        "max_acceleration": null,
        "max_current": 40,
        "max_voltage": 12
    },
    "metadata": {
        "field": 2025
    },
    "actions": [
        {
            "location": 0.779,
            "name": "L2 front"
        }
    ]
}