{
    "paths": [
        {
            "splines": [
                [
                    [
                        1.495532467152469,
                        -3.521841735091272
                    ],
                    [
                        1.9002458233024262,
                        -3.5150322317020484
                    ],
                    [
                        2.299170533197874,
                        -3.5255302503835075
                    ],
                    [
                        2.9751591234871446,
                        -3.523969756335014
                    ],
                    [
                        3.3374569591691605,
                        -3.5307792597242376
                    ],
                    [
                        3.60617385903954,
                        -3.5307792597242376
                    ]
                ]
            ],
            "rot_breakpoints": [
                [
                    0,
                    0
                ],
                [
                    1,
                    0
                ]
            ],
            "constraints": [],
            "startDelay": 0
        }
    ],
    "global_constraints": {
        "max_velocity": 3.0,
        "max_acceleration": 1.0,
        "max_current": 40,
        "max_voltage": 12
    },
    "metadata": {
        "field": 2025
    },
    "actions": []
}