{
    "paths": [
        {
            "splines": [
                [
                    [
                        -1.5451511055016365,
                        0.14687539840424382
                    ],
                    [
                        -1.9260991600439301,
                        0.15516323738829388
                    ],
                    [
                        -2.1702343172634766,
                        0.14835212202033368
                    ],
                    [
                        -2.545556958214289,
                        0.16096495761266016
                    ],
                    [
                        -2.7775722802416825,
                        0.16096495761266016
                    ],
                    [
                        -3.06309666461736,
                        0.15266167936804392
                    ]
                ]
            ],
            "rot_breakpoints": [
                [
                    0,
                    3.141592
                ],
                [
                    1,
                    3.141592
                ]
            ],
            "constraints": [],
            "startDelay": 0
        }
    ],
    "global_constraints": {
        "max_velocity": 3.0,
        "max_acceleration": 3.0,
        "max_current": 40,
        "max_voltage": 12
    },
    "metadata": {
        "field": 2025
    },
    "actions": [
        {
            "location": 0.779,
            "name": "L2 front"
        }
    ]
}