{
    "paths": [
        {
            "splines": [
                [
                    [
                        1.5760117003247602,
                        1.7584156494979475
                    ],
                    [
                        3.240289782449164,
                        2.0302605860373646
                    ],
                    [
                        3.709519220484921,
                        2.1175590861370406
                    ],
                    [
                        4.744539379060668,
                        2.5727094314952397
                    ],
                    [
                        5.457220862263895,
                        1.733643530069689
                    ],
                    [
                        5.034129025937188,
                        0.9831435542667697
                    ]
                ]
            ],
            "rot_breakpoints": [
                [
                    0,
                    0
                ],
                [
                    1,
                    -2.09439510239
                ]
            ],
            "constraints": [],
            "startDelay": 0
        }
    ],
    "global_constraints": {
        "max_velocity": 3.0,
        "max_acceleration": 1.0,
        "max_current": 40,
        "max_voltage": 12
    },
    "metadata": {
        "field": 2025
    },
    "actions": [
        {
            "location": 0.828,
            "name": "L3 front"
        }
    ]
}