{
    "paths": [
        {
            "splines": [
                [
                    [
                        -1.7516863720952325,
                        -1.6772504533967654
                    ],
                    [
                        -2.317782250522799,
                        -1.5914872380104914
                    ],
                    [
                        -2.584972903274866,
                        -1.4311728463592508
                    ],
                    [
                        -2.914266298620712,
                        -1.4148547057257246
                    ],
                    [
                        -3.006568524116881,
                        -1.2593983259427035
                    ],
                    [
                        -3.4110755149440095,
                        -1.012927118402345
                    ]
                ]
            ],
            "rot_breakpoints": [
                [
                    0,
                    -3.725673708612601
                ],
                [
                    1,
                    -4.1512239438708525
                ]
            ],
            "constraints": [
                {
                    "selection": [
                        0.9459999999999998,
                        1
                    ],
                    "max_voltage": 12,
                    "max_current": 40,
                    "max_acceleration": 0.25,
                    "max_velocity": 0.5
                }
            ],
            "startDelay": 0
        },
        {
            "splines": [
                [
                    [
                        -3.4110755149440095,
                        -1.012927118402345
                    ],
                    [
                        -3.2993891569128935,
                        -1.740973356000176
                    ],
                    [
                        -3.7144036177590505,
                        -2.333851157208972
                    ],
                    [
                        -5.983143358245608,
                        -2.2109019345544936
                    ],
                    [
                        -6.830111645686746,
                        -2.4395833721636007
                    ],
                    [
                        -7.283730310192555,
                        -3.2151249598670812
                    ]
                ]
            ],
            "rot_breakpoints": [
                [
                    0,
                    -4.1512239438708525
                ],
                [
                    1,
                    -2.2005996622153146
                ]
            ],
            "constraints": [],
            "startDelay": 3
        }
    ],
    "global_constraints": {
        "max_velocity": 2,
        "max_acceleration": 1,
        "max_current": 40,
        "max_voltage": 12
    },
    "metadata": {
        "field": 2025
    },
    "actions": [
        {
            "location": 0.45,
            "name": "L4 front"
        }
    ]
}