{"paths":[{"splines":[[[-7.516500131054001,1.8527885564718574],[-7.326394096611001,2.759448105353857],[-5.7324281155120005,3.0665424686848572],[-5.205980635516,2.247624166468857],[-4.357815251078,2.203753543135857],[-4.182332757746,2.028271049803857]]],"rot_breakpoints":[[0,0],[1,0]],"constraints":[],"startDelay":0}],"global_constraints":{"max_velocity":2,"max_acceleration":2,"max_current":40,"max_voltage":12},"metadata":{"field":2025},"actions":[]}