{
    "paths": [
        {
            "splines": [
                [
                    [
                        -1.3220566724432832,
                        2.2353796531538945
                    ],
                    [
                        -2.642646381220807,
                        2.252987515937595
                    ],
                    [
                        -4.667550601346346,
                        2.323418967072396
                    ],
                    [
                        -5.988140310123872,
                        2.2882032415049953
                    ],
                    [
                        -7.308730018901398,
                        2.3058111042886957
                    ],
                    [
                        -8.400417511490819,
                        2.429066143774598
                    ]
                ]
            ],
            "rot_breakpoints": [
                [
                    0,
                    0
                ],
                [
                    1,
                    0
                ]
            ],
            "constraints": [],
            "startDelay": 0
        }
    ],
    "global_constraints": {
        "max_velocity": 1,
        "max_acceleration": 1,
        "max_current": 40,
        "max_voltage": 12
    },
    "metadata": {
        "field": 2025
    },
    "actions": []
}