{
 "node_name": "pi2",
 "team_number": 9971,
 "intrinsics": [
  392.045471,
  0.0,
  299.976349,
  0.0,
  391.858948,
  240.437485,
  0.0,
  0.0,
  1.0
 ],
 "dist_coeffs": [
  0.140083,
  -0.243777,
  -0.000455,
  0.00004,
  0.084187
 ],
 "calibration_timestamp": 1643352981541962185,
 "camera_id": "21-02"
}
