{
 "node_name": "pi1",
 "team_number": 9971,
 "intrinsics": [
  390.600739,
  0.0,
  346.584473,
  0.0,
  390.302429,
  234.478241,
  0.0,
  0.0,
  1.0
 ],
 "dist_coeffs": [
  0.134674,
  -0.239105,
  -0.000435,
  0.000515,
  0.087243
 ],
 "calibration_timestamp": 1643353567187479188,
 "camera_id": "21-01"
}