{
 "node_name": "pi4",
 "team_number": 7971,
 "intrinsics": [
  390.301514,
  0.0,
  356.104095,
  0.0,
  389.884491,
  231.157303,
  0.0,
  0.0,
  1.0
 ],
 "dist_coeffs": [
  0.128595,
  -0.229324,
  -0.001145,
  0.001602,
  0.079774
 ],
 "calibration_timestamp": 1623537445706564865
}