{
 "node_name": "pi1",
 "team_number": 971,
 "intrinsics": [
  389.730774,
  0.0,
  329.825134,
  0.0,
  389.599243,
  205.222931,
  0.0,
  0.0,
  1.0
 ],
 "dist_coeffs": [
  0.12185,
  -0.214579,
  -0.00013,
  0.000629,
  0.066571
 ],
 "calibration_timestamp": 1643348049373070054,
 "camera_id": "22-06"
}
