{
 "node_name": "pi6",
 "team_number": 9971,
 "intrinsics": [
  392.598694,
  0.0,
  338.288269,
  0.0,
  392.689697,
  244.718338,
  0.0,
  0.0,
  1.0
 ],
 "dist_coeffs": [
  0.138265,
  -0.232579,
  -0.000478,
  0.000089,
  0.075434
 ],
 "calibration_timestamp": 1643351687705289435,
 "camera_id": "21-06"
}
