{
 "node_name": "pi7",
 "team_number": 9971,
 "intrinsics": [
  388.062378,
  0.0,
  333.890381,
  0.0,
  388.149048,
  212.644363,
  0.0,
  0.0,
  1.0
 ],
 "dist_coeffs": [
  0.123399,
  -0.21765,
  -0.00085,
  0.000694,
  0.067006
 ],
 "calibration_timestamp": 1643348078845387555,
 "camera_id": "22-07"
}
