{
 "node_name": "pi5",
 "team_number": 971,
 "intrinsics": [
  387.791046,
  0.0,
  360.276276,
  0.0,
  387.214264,
  235.913925,
  0.0,
  0.0,
  1.0
 ],
 "dist_coeffs": [
  0.132322,
  -0.247507,
  0.001326,
  0.002151,
  0.098543
 ],
 "calibration_timestamp": 1643348271146848848,
 "camera_id": "22-05"
}
