{
 "node_name": "pi1",
 "team_number": 971,
 "intrinsics": [
  391.63916,
  0.0,
  312.691162,
  0.0,
  391.535889,
  267.138672,
  0.0,
  0.0,
  1.0
 ],
 "dist_coeffs": [
  0.121374,
  -0.203352,
  0.000325,
  0.002694,
  0.054089
 ],
 "calibration_timestamp": 1635611589630802881,
 "camera_id": "22-01"
}
