{
 "node_name": "pi3",
 "team_number": 971,
 "intrinsics": [
  388.182281,
  0.0,
  306.279083,
  0.0,
  388.440582,
  224.480484,
  0.0,
  0.0,
  1.0
 ],
 "dist_coeffs": [
  0.129443,
  -0.225948,
  0.001234,
  -0.000004,
  0.068937
 ],
 "calibration_timestamp": 1643342760319632865,
 "camera_id": "22-03"
}
