{
 "node_name": "pi1",
 "team_number": 971,
 "intrinsics": [
  398.312439,
  0.0,
  348.653015,
  0.0,
  397.627533,
  257.368805,
  0.0,
  0.0,
  1.0
 ],
 "dist_coeffs": [
  0.143741,
  -0.274336,
  -0.000311,
  -0.000171,
  0.10252
 ],
 "calibration_timestamp": 1635600750700335075
}
