{
 "node_name": "pi7",
 "team_number": 9971,
 "intrinsics": [
  386.619232,
  0.0,
  335.525116,
  0.0,
  386.309601,
  225.775742,
  0.0,
  0.0,
  1.0
 ],
 "dist_coeffs": [
  0.130693,
  -0.238688,
  0.002466,
  -0.00017,
  0.083145
 ],
 "calibration_timestamp": 1643347603135661745,
 "camera_id": "22-04"
}
