{
 "node_name": "pi1",
 "team_number": 971,
 "intrinsics": [
  390.833618,
  0.0,
  298.229218,
  0.0,
  390.547882,
  251.143417,
  0.0,
  0.0,
  1.0
 ],
 "dist_coeffs": [
  0.120491,
  -0.190643,
  0.000534,
  -0.000345,
  0.029808
 ],
 "calibration_timestamp": 1643348116002911868,
 "camera_id": "22-02"
}