{
 "node_name": "pi4",
 "team_number": 9971,
 "intrinsics": [
  391.82019,
  0.0,
  351.66806,
  0.0,
  391.380554,
  261.502167,
  0.0,
  0.0,
  1.0
 ],
 "dist_coeffs": [
  0.147662,
  -0.258165,
  0.000671,
  -0.00027,
  0.09542
 ],
 "calibration_timestamp": 1643352691012263392,
 "camera_id": "21-03"
}
