{
 "node_name": "pi2",
 "team_number": 7971,
 "intrinsics": [
  388.7565,
  0.0,
  285.024506,
  0.0,
  388.915039,
  222.227539,
  0.0,
  0.0,
  1.0
 ],
 "dist_coeffs": [
  0.128415,
  -0.212528,
  0.001165,
  0.000579,
  0.054853
 ],
 "calibration_timestamp": 1623537020325393444
}