{
 "node_name": "pi5",
 "team_number": 9971,
 "intrinsics": [
  393.222015,
  0.0,
  283.454346,
  0.0,
  393.15332,
  257.545563,
  0.0,
  0.0,
  1.0
 ],
 "dist_coeffs": [
  0.145289,
  -0.26649,
  0.000127,
  0.000057,
  0.106988
 ],
 "calibration_timestamp": 1643351706089551572,
 "camera_id": "21-05"
}
