{
 "node_name": "pi3",
 "team_number": 9971,
 "intrinsics": [
  390.202698,
  0.0,
  323.895874,
  0.0,
  390.134705,
  240.809784,
  0.0,
  0.0,
  1.0
 ],
 "dist_coeffs": [
  0.128804,
  -0.215377,
  -0.000073,
  -0.000593,
  0.062635
 ],
 "calibration_timestamp": 1643352019061887367,
 "camera_id": "21-03"
}
