{"spline_count": 1, "spline_x": [-6.473051792628953, -5.825415380863309, -5.094212980482744, -4.2376615971797955, -3.04684625941716, -2.190294876114212], "spline_y": [-1.2754706248451688, -1.2754706248451688, -1.2754706248451688, -1.2754706248451688, -1.2754706248451688, -1.2754706248451688], "constraints": [{"constraint_type": "LONGITUDINAL_ACCELERATION", "value": 3}, {"constraint_type": "LATERAL_ACCELERATION", "value": 2}, {"constraint_type": "VOLTAGE", "value": 10}]}
