{"spline_count": 1, "spline_x": [-1.3618353380388033, -2.3872501162751885, -3.2039788932536055, -4.203904851957984, -5.409552094164219, -6.440186027017937], "spline_y": [0.5783738080079003, 0.5652181177123508, 0.6818936572806957, 0.34998739215158625, 0.40832516193575896, 0.40832516193575896], "constraints": [{"constraint_type": "LONGITUDINAL_ACCELERATION", "value": 2.5}, {"constraint_type": "LATERAL_ACCELERATION", "value": 1.5}, {"constraint_type": "VOLTAGE", "value": 10.0}]}
