{ "node_name": "pi2", "team_number": 971, "intrinsics": [ 891.706848, 0.0, 640.791931, 0.0, 890.630981, 358.582306, 0.0, 0.0, 1.0 ], "fixed_extrinsics": { "data": [ 0.858536,    0.224804,    0.460847,    0.198133, 0.473832, -0.00434901,   -0.880604,   -0.221657, -0.195959,    0.974394,   -0.110253,    0.593406, 0.0, 0.0, 0.0, 1.0 ] }, "dist_coeffs": [ -0.451473, 0.257519, 0.000337, -0.000298, -0.086102 ], "calibration_timestamp": 1358501526409252911, "camera_id": "23-06" }
