{ "node_name": "pi2", "team_number": 7971, "intrinsics": [  888.573181, 0.0, 649.254517, 0.0, 888.493774, 370.136658, 0.0, 0.0, 1.0 ], "fixed_extrinsics": { "data": [ -0.482031, 0.00240341, 0.87615,  0.149719, -0.87612, -0.0100773, -0.481987, -0.000995038, 0.00767093, -0.999947, 0.00696306, 0.0062866, 0.0, 0.0, 0.0, 1.0 ] }, "dist_coeffs": [  -0.449155, 0.251979, -0.000308, -0.000179, -0.080278 ], "calibration_timestamp": 1358499769498335208, "camera_id": "23-02" }
