{
 "node_name": "pi3",
 "team_number": 9971,
 "intrinsics": [
  891.026001,
  0.0,
  620.086731,
  0.0,
  890.566895,
  385.035126,
  0.0,
  0.0,
  1.0
 ],
 "dist_coeffs": [
  -0.448299,
  0.250123,
  -0.00042,
  -0.000127,
  -0.078433
 ],
 "fixed_extrinsics": { "data": [ 0.492232, -0.163335, -0.855002, 0.020122, -0.866067, 0.006706, -0.499883, -0.174518, 0.087382, 0.986548, -0.138158, 0.645307, 0.0, 0.0, 0.0, 1.0 ] },
 "calibration_timestamp": 1358503290177115986,
 "camera_id": "23-11"
}
