{
  "node_name": "pi2",
  "team_number": 7971,
  "intrinsics": [
    388.7565,
    0,
    285.024506,
    0,
    388.915039,
    222.227539,
    0,
    0,
    1
  ],
  "dist_coeffs": [
    0.128415,
    -0.212528,
    0.001165,
    0.000579,
    0.054853
  ],
  "fixed_extrinsics": {
    "data": [
      7.02428546843654e-17,
      -0.5735764363510459,
      0.8191520442889919,
      0.09525,
      1,
      1.2246467991473532e-16,
      0,
      0.1905,
      -1.0031719290535249e-16,
      0.8191520442889919,
      0.5735764363510459,
      0.0127,
      0,
      0,
      0,
      1
    ]
  },
  "calibration_timestamp": 1623537020325393400
}
