{ "node_name": "pi2", "team_number": 7971, "intrinsics": [ 895.543945, 0.0, 645.250122, 0.0, 895.308838, 354.297241, 0.0, 0.0, 1.0 ], "fixed_extrinsics": { "data": [ -0.513422, -0.00069, 0.858136, 0.132248, -0.858026, -0.015658, -0.513368, -0.002601, 0.013791, -0.999877, 0.007447, -0.001246, 0.0, 0.0, 0.0, 1.0 ] }, "dist_coeffs": [ -0.455658, 0.272167, 0.000796, -0.000206, -0.0975 ], "calibration_timestamp": 1358499769498335208, "camera_id": "23-02" }