{ "node_name": "pi3", "team_number": 7971, "intrinsics": [ 887.863831, 0.0, 625.956909, 0.0, 888.210205, 372.510437, 0.0, 0.0, 1.0 ], "fixed_extrinsics": { "data": [ 0.517483, 0.00906969, 0.855645, 0.156941, -0.855687, 0.00935422, 0.517409, 0.0833421, -0.00331132, -0.999915, 0.0126013, 0.0124048, 0.0, 0.0, 0.0, 1.0 ] }, "dist_coeffs": [ -0.449028, 0.257065, 0.000478, -0.000113, -0.086986 ], "calibration_timestamp": 1358501967378322133, "camera_id": "23-03" }
