{ "node_name": "pi2", "team_number": 9971, "intrinsics": [ 894.002502, 0.0, 636.431335, 0.0, 893.723816, 377.069672, 0.0, 0.0, 1.0 ], "fixed_extrinsics": { "data": [ 0.830467, 0.233602, 0.505721, 0.242226, 0.519225, 0.004294, -0.854627, -0.167586, -0.201814, 0.972323, -0.117727, 0.614872, 0.0, 0.0, 0.0, 1.0 ] }, "dist_coeffs": [ -0.446659, 0.244189, 0.000632, 0.000171, -0.074849 ], "calibration_timestamp": 1358503360377380613, "camera_id": "23-10" }