{
 "node_name": "pi4",
 "team_number": 9971,
 "intrinsics": [
  891.127197,
  0.0,
  640.291321,
  0.0,
  891.176453,
  359.578705,
  0.0,
  0.0,
  1.0
 ],
 "dist_coeffs": [
  -0.452948,
  0.262567,
  0.00088,
  -0.000253,
  -0.089368
 ],
 "fixed_extrinsics": { "data": [ -0.865915, -0.186983, -0.463928, -0.014873, -0.473362, 0.006652, 0.880843, -0.215738, -0.161617, 0.982341, -0.094271, 0.676433, 0.0, 0.0, 0.0, 1.0 ] },
 "calibration_timestamp": 1358499579812698894,
 "camera_id": "23-12"
}
