{
 "node_name": "pi2",
 "team_number": 971,
 "intrinsics": [
  891.026001,
  0.0,
  620.086731,
  0.0,
  890.566895,
  385.035126,
  0.0,
  0.0,
  1.0
 ],
 "dist_coeffs": [
  -0.448299,
  0.250123,
  -0.00042,
  -0.000127,
  -0.078433
 ],
 "calibration_timestamp": 1358503290177115986,
 "camera_id": "23-11"
}
