{ "node_name": "pi4", "team_number": 971, "intrinsics": [ 890.962952, 0.0, 656.281555, 0.0, 890.707336, 353.938538, 0.0, 0.0, 1.0 ], "fixed_extrinsics": { "data": [ -0.865915, -0.186983, -0.463928, -0.014873, -0.473362, 0.006652, 0.880843, -0.215738, -0.161617, 0.982341, -0.094271, 0.676433, 0.0, 0.0, 0.0, 1.0 ] }, "dist_coeffs": [ -0.450961, 0.256988, -0.000348, -0.00042, -0.083559 ], "calibration_timestamp": 1358501265150551614, "camera_id": "23-08" }
