{
 "node_name": "pi2",
 "team_number": 7971,
 "intrinsics": [
  890.219788,
  0.0,
  647.802429,
  0.0,
  890.289368,
  365.760376,
  0.0,
  0.0,
  1.0
 ],
 "dist_coeffs": [
  -0.450615,
  0.25791,
  0.000498,
  0.000087,
  -0.085233
 ],
"fixed_extrinsics": { "data": [ -0.482031, 0.00240341, 0.87615,  0.149719, -0.87612, -0.0100773, -0.481987, -0.000995038, 0.00767093, -0.999947, 0.00696306, 0.0062866, 0.0, 0.0, 0.0, 1.0 ] }, 
 "calibration_timestamp": 1358499855721459233,
 "camera_id": "23-15"
}
