{ "node_name": "pi4", "team_number": 971, "intrinsics": [ 891.127197, 0.0, 640.291321, 0.0, 891.176453, 359.578705, 0.0, 0.0, 1.0 ], "fixed_extrinsics": { "data": [ -0.864114, -0.173035,  -0.472616,  -0.111428, -0.477471, -0.0150962, 0.878518, -0.22396, -0.159149, 0.9848, -0.0695749, 0.696406, 0.0, 0.0, 0.0, 1.0 ] }, "dist_coeffs": [ -0.452948, 0.262567, 0.00088, -0.000253, -0.089368 ], "calibration_timestamp": 1358499579812698894, "camera_id": "23-12" }
