{ "node_name": "pi4", "team_number": 9971, "intrinsics": [ 890.962952, 0.0, 656.281555, 0.0, 890.707336, 353.938538, 0.0, 0.0, 1.0 ], "fixed_extrinsics": { "data": [ -0.8586,  -0.118879,  -0.498672, -0.0978249,
   -0.5075,  0.0596186,   0.859586,  -0.136599,
 -0.072457,   0.991117,  -0.111519,   0.329121, 0.0, 0.0, 0.0, 1.0 ] }, "dist_coeffs": [ -0.450961, 0.256988, -0.000348, -0.00042, -0.083559 ], "calibration_timestamp": 1358501265150551614, "camera_id": "23-08" }
