{
 "node_name": "pi4",
 "team_number": 7971,
 "intrinsics": [
  890.071899,
  0.0,
  620.69519,
  0.0,
  890.307434,
  365.158844,
  0.0,
  0.0,
  1.0
 ],
 "dist_coeffs": [
  -0.449088,
  0.25594,
  0.000415,
  0.000142,
  -0.084656
 ],
 "calibration_timestamp": 1358501982039874176,
 "camera_id": "23-04"
}