{ "node_name": "pi4", "team_number": 971, "intrinsics": [ 891.88385, 0.0, 642.268616, 0.0, 890.626465, 353.272919, 0.0, 0.0, 1.0 ], "fixed_extrinsics": { "data": [ -0.865915, -0.186983, -0.463928, -0.014873, -0.473362, 0.006652, 0.880843, -0.215738, -0.161617, 0.982341, -0.094271, 0.676433, 0.0, 0.0, 0.0, 1.0 ] }, "dist_coeffs": [ -0.448426, 0.246817, 0.000002, 0.000948, -0.076717 ], "calibration_timestamp": 1358501265150551614, "camera_id": "23-08" }