{ "node_name": "pi3", "team_number": 9971, "intrinsics": [ 888.213257, 0.0, 622.755371, 0.0, 887.352905, 365.591736, 0.0, 0.0, 1.0 ], "fixed_extrinsics": { "data": [ 0.49282, -0.191686, -0.848755, -0.126154,
-0.856394, 0.0657867, -0.512113, -0.178379,
 0.154001,  0.979249, -0.131738,   0.45039,
        0,         0,         0, 1] }, "dist_coeffs": [ -0.447815, 0.251622, 0.001888, -0.000286, -0.081473 ], "calibration_timestamp": 1358501982039874176, "camera_id": "23-04" }
