{ "node_name": "pi1", "team_number": 971, "intrinsics": [ 888.821655, 0.0, 616.580811, 0.0, 888.336731, 366.017395, 0.0, 0.0, 1.0 ], "fixed_extrinsics": { "data": [ -0.487918, 0.221538, 0.844309, 0.190808, 0.866039, 0.00192, 0.499972, -0.218036, 0.109142, 0.97515, -0.192797, 0.544037, 0.0, 0.0, 0.0, 1.0 ] }, "dist_coeffs": [ -0.4493, 0.25223, 0.000471, -0.00003, -0.079545 ], "calibration_timestamp": 1358501902915096335, "camera_id": "23-05" }
