{ "node_name": "pi2", "team_number": 971, "intrinsics": [ 894.002502, 0.0, 636.431335, 0.0, 893.723816, 377.069672, 0.0, 0.0, 1.0 ], "fixed_extrinsics": { "data": [ 0.84372, 0.233067, 0.483545, 0.188786, 0.499721,-0.0121191, -0.866102, -0.204606, -0.196001, 0.972385, -0.126693, 0.600451, 0.0, 0.0, 0.0, 1.0 ] }, "dist_coeffs": [ -0.446659, 0.244189, 0.000632, 0.000171, -0.074849 ], "calibration_timestamp": 1358503360377380613, "camera_id": "23-10" }
