{
 "node_name": "pi1",
 "team_number": 971,
 "intrinsics": [
  913.133728,
  0.0,
  575.592285,
  0.0,
  917.686462,
  364.544403,
  0.0,
  0.0,
  1.0
 ],
 "dist_coeffs": [
  -0.454162,
  0.255307,
  -0.000166,
  0.008949,
  -0.079813
 ],
 "calibration_timestamp": 1358499377194305339,
 "camera_id": "23-01"
}
