{
 "node_name": "pi4",
 "team_number": 7971,
 "intrinsics": [
  390.301514,
  0.0,
  356.104095,
  0.0,
  389.884491,
  231.157303,
  0.0,
  0.0,
  1.0
 ],
 "dist_coeffs": [
  0.128595,
  -0.229324,
  -0.001145,
  0.001602,
  0.079774
 ],
 "fixed_extrinsics": [
  7.02428546843654e-17,
  -0.5735764363510459,
  0.8191520442889919,
  -0.15239999999999998,
  1.0,
  1.2246467991473532e-16,
  0.0,
  -0.17779999999999999,
  -1.0031719290535249e-16,
  0.8191520442889919,
  0.5735764363510459,
  0.0127,
  0.0,
  0.0,
  0.0,
  1.0
 ],
 "calibration_timestamp": 1623537445706564865
}
