{
  "node_name": "pi1",
    "team_number": 7971,
    "intrinsics": [
        893.759521, 0.0, 645.470764, 0.0, 893.222351, 388.150269, 0.0, 0.0, 1.0
    ],
    "fixed_extrinsics": {
        "data": [
            -0.999441, -0.03192, -0.009977, 0.188208, 0.010139, -0.004928, -0.999936, -0.129908, 0.031869, -0.999478, 0.005249, 0.006629, 0.0, 0.0, 0.0, 1.0
        ]
    },
    "dist_coeffs": [
        -0.44902, 0.248409, -0.000537, -0.000112, -0.076989
    ],
    "calibration_timestamp": 1358500519438113048,
    "camera_id": "23-01"
}
