{ "node_name": "pi3", "team_number": 971, "intrinsics": [ 888.213257, 0.0, 622.755371, 0.0, 887.352905, 365.591736, 0.0, 0.0, 1.0 ], "fixed_extrinsics": { "data": [ 0.482409, -0.181339, -0.85697, -0.115455, -0.871457, -0.000440151, -0.490471, -0.175596, 0.0885639, 0.983421, -0.158241, 0.61873, 0.0, 0.0, 0.0, 1.0 ] }, "dist_coeffs": [ -0.447815, 0.251622, 0.001888, -0.000286, -0.081473 ], "calibration_timestamp": 1358501982039874176, "camera_id": "23-04" }
