{ "node_name": "pi2", "team_number": 9971, "intrinsics": [ 891.706848, 0.0, 640.791931, 0.0, 890.630981, 358.582306, 0.0, 0.0, 1.0 ], "fixed_extrinsics": { "data": [0.852729, 0.198239, 0.483275, 0.174809, 0.490963, 0.0117216, -0.871101, -0.227802, -0.178351, 0.980084, -0.0873329, 0.54921, 0, 0, 0, 1 ] }, "dist_coeffs": [ -0.451473, 0.257519, 0.000337, -0.000298, -0.086102 ], "calibration_timestamp": 1358501526409252911, "camera_id": "23-06" }
