{ "node_name": "pi1", "team_number": 7971, "intrinsics": [ 893.759521, 0.0, 645.470764, 0.0, 893.222351, 388.150269, 0.0, 0.0, 1.0 ], "fixed_extrinsics": { "data": [ -0.999824, -0.017701, -0.006142, 0.155002, 0.006183, -0.002255, -0.999978, -0.11871, 0.017687, -0.999841, 0.002364, 0.002099, 0.0, 0.0, 0.0, 1.0 ] }, "dist_coeffs": [ -0.44902, 0.248409, -0.000537, -0.000112, -0.076989 ], "calibration_timestamp": 1358500519438113048, "camera_id": "23-01" }