{
 "node_name": "pi2",
 "team_number": 9971,
 "intrinsics": [
  894.002502,
  0.0,
  636.431335,
  0.0,
  893.723816,
  377.069672,
  0.0,
  0.0,
  1.0
 ],
 "dist_coeffs": [
  -0.446659,
  0.244189,
  0.000632,
  0.000171,
  -0.074849
 ],
 "fixed_extrinsics": { "data": [ 0.852213, 0.227336, 0.471224, 0.220072, 0.485092, -0.005909, -0.874443, -0.175232, -0.196008, 0.973799, -0.115315, 0.61409, 0.0, 0.0, 0.0, 1.0 ] },
 "calibration_timestamp": 1358503360377380613,
 "camera_id": "23-10"
}
