{ "node_name": "pi4", "team_number": 9971, "intrinsics": [ 891.127197, 0.0, 640.291321, 0.0, 891.176453, 359.578705, 0.0, 0.0, 1.0 ], "fixed_extrinsics": { "data": [ -0.845241, -0.169204, -0.506891, 0.008046, -0.511496, -0.018479, 0.859087, -0.243442, -0.154727, 0.985408, -0.070928, 0.69704, 0.0, 0.0, 0.0, 1.0 ] }, "dist_coeffs": [ -0.452948, 0.262567, 0.00088, -0.000253, -0.089368 ], "calibration_timestamp": 1358499579812698894, "camera_id": "23-12" }