{ "node_name": "pi3", "team_number": 7971, "intrinsics": [ 892.089172, 0.0, 648.780701, 0.0, 892.362854, 342.340668, 0.0, 0.0, 1.0 ], "fixed_extrinsics": { "data": [ 0.487978, -0.004549, 0.872844, 0.132212, -0.872821, 0.006386, 0.487999, -0.015015, -0.007794, -0.999969, -0.000854, -0.031295, 0.0, 0.0, 0.0, 1.0 ] }, "dist_coeffs": [ -0.451178, 0.258187, 0.001071, 0.000017, -0.085526 ], "calibration_timestamp": 1358501967378322133, "camera_id": "23-03" }