{
 "node_name": "pi4",
 "team_number": 971,
 "intrinsics": [
  893.617798,
  0.0,
  612.44397,
  0.0,
  893.193115,
  375.196381,
  0.0,
  0.0,
  1.0
 ],
 "dist_coeffs": [
  -0.443805,
  0.238734,
  0.000133,
  0.000448,
  -0.071068
 ],
 "calibration_timestamp": 1358499779650270322,
 "camera_id": "23-09"
}