{ "node_name": "pi1", "team_number": 971, "intrinsics": [ 890.980713, 0.0, 619.298645, 0.0, 890.668762, 364.009766, 0.0, 0.0, 1.0 ], "fixed_extrinsics": { "data": [ -0.487722, 0.222354, 0.844207, 0.025116, 0.864934, -0.008067, 0.501821, -0.246003, 0.118392, 0.974933, -0.188387, 0.532497, 0.0, 0.0, 0.0, 1.0 ] }, "dist_coeffs": [ -0.449172, 0.252318, 0.000881, -0.000615, -0.082208 ], "calibration_timestamp": 1358501902915096335, "camera_id": "23-05" }