{
 "node_name": "pi3",
 "team_number": 7971,
 "intrinsics": [
  389.35611,
  0.0,
  339.345673,
  0.0,
  389.516235,
  240.247787,
  0.0,
  0.0,
  1.0
 ],
 "dist_coeffs": [
  0.122511,
  -0.209383,
  -0.001212,
  0.000041,
  0.05674
 ],
 "fixed_extrinsics": [
  7.02428546843654e-17,
  -0.5735764363510459,
  0.8191520442889919,
  0.09525,
  1.0,
  1.2246467991473532e-16,
  0.0,
  -0.10794999999999999,
  -1.0031719290535249e-16,
  0.8191520442889919,
  0.5735764363510459,
  0.0127,
  0.0,
  0.0,
  0.0,
  1.0
 ],
 "calibration_timestamp": 1623537211977365877
}
