{ "node_name": "pi2", "team_number": 971, "intrinsics": [ 893.242981, 0.0, 639.796692, 0.0, 892.498718, 354.109344, 0.0, 0.0, 1.0 ], "fixed_extrinsics": { "data": [ 0.852213, 0.227336, 0.471224, 0.220072, 0.485092, -0.005909, -0.874443, -0.175232, -0.196008, 0.973799, -0.115315, 0.61409, 0.0, 0.0, 0.0, 1.0 ] }, "dist_coeffs": [ -0.451751, 0.252422, 0.000531, 0.000079, -0.079369 ], "calibration_timestamp": 1358501526409252911, "camera_id": "23-06" }