{ "node_name": "pi3", "team_number": 971, "intrinsics": [ 890.071899, 0.0, 620.69519, 0.0, 890.307434, 365.158844, 0.0, 0.0, 1.0 ], "fixed_extrinsics": { "data": [ 0.482409, -0.181339, -0.85697, -0.115455, -0.871457, -0.000440151, -0.490471, -0.175596, 0.0885639, 0.983421, -0.158241, 0.61873, 0.0, 0.0, 0.0, 1.0 ] }, "dist_coeffs": [ -0.449088, 0.25594, 0.000415, 0.000142, -0.084656 ], "calibration_timestamp": 1358501982039874176, "camera_id": "23-04" }

