{
 "node_name": "pi1",
 "team_number": 9971,
 "intrinsics": [
  893.617798,
  0.0,
  612.44397,
  0.0,
  893.193115,
  375.196381,
  0.0,
  0.0,
  1.0
 ],
 "dist_coeffs": [
  -0.443805,
  0.238734,
  0.000133,
  0.000448,
  -0.071068
 ],
 "fixed_extrinsics": { "data": [ -0.487722, 0.222354, 0.844207, 0.025116, 0.864934, -0.008067, 0.501821, -0.246003, 0.118392, 0.974933, -0.188387, 0.532497, 0.0, 0.0, 0.0, 1.0 ] },
 "calibration_timestamp": 1358499779650270322,
 "camera_id": "23-09"
}
