{ "node_name": "pi3", "team_number": 9971, "intrinsics": [ 891.026001, 0.0, 620.086731, 0.0, 890.566895, 385.035126, 0.0, 0.0, 1.0 ], "fixed_extrinsics": { "data": [ 0.503726, -0.160611, -0.848802, 0.064621, -0.857988, 0.021383, -0.513224, -0.195154, 0.100579, 0.986786, -0.127032, 0.653821, 0.0, 0.0, 0.0, 1.0 ] }, "dist_coeffs": [ -0.448299, 0.250123, -0.00042, -0.000127, -0.078433 ], "calibration_timestamp": 1358503290177115986, "camera_id": "23-11" }