{ "node_name": "pi3", "team_number": 7971, "intrinsics": [ 892.089172, 0.0, 648.780701, 0.0, 892.362854, 342.340668, 0.0, 0.0, 1.0 ], "fixed_extrinsics": { "data": [ 0.496784, 0.01435, 0.867756, 0.146101, -0.867856, 0.00168, 0.496813, 0.028557, 0.005671, -0.999896, 0.013288, -0.01621, 0.0, 0.0, 0.0, 1.0 ] }, "dist_coeffs": [ -0.451178, 0.258187, 0.001071, 0.000017, -0.085526 ], "calibration_timestamp": 1358501967378322133, "camera_id": "23-03" }