{ "node_name": "pi3", "team_number": 9971, "intrinsics": [ 891.026001, 0.0, 620.086731, 0.0, 890.566895, 385.035126, 0.0, 0.0, 1.0 ], "fixed_extrinsics": { "data": [ 0.468672, -0.174907, -0.865883, -0.106535, -0.875024, 0.0425189, -0.482209, -0.169986, 0.121159, 0.983667, -0.13312, 0.557647, 0.0, 0.0, 0.0, 1.0 ] }, "dist_coeffs": [ -0.448299, 0.250123, -0.00042, -0.000127, -0.078433 ], "calibration_timestamp": 1358503290177115986, "camera_id": "23-11" }
