{
 "node_name": "pi1",
 "team_number": 971,
 "intrinsics": [
  893.759521,
  0.0,
  645.470764,
  0.0,
  893.222351,
  388.150269,
  0.0,
  0.0,
  1.0
 ],
 "dist_coeffs": [
  -0.44902,
  0.248409,
  -0.000537,
  -0.000112,
  -0.076989
 ],
 "calibration_timestamp": 1358500519438113048,
 "camera_id": "23-99"
}
