{ "node_name": "pi2", "team_number": 9971, "intrinsics": [ 894.002502, 0.0, 636.431335, 0.0, 893.723816, 377.069672, 0.0, 0.0, 1.0 ], "fixed_extrinsics": { "data": [ 0.84843, 0.211678, 0.485137, 0.158197, 0.495653, 0.00388008, -0.868512, -0.196222, -0.185728, 0.977332, -0.101626, 0.575463, 0.0, 0.0, 0.0, 1.0 ] }, "dist_coeffs": [ -0.446659, 0.244189, 0.000632, 0.000171, -0.074849 ], "calibration_timestamp": 1358503360377380613, "camera_id": "23-10" }
