{ "node_name": "pi4", "team_number": 9971, "intrinsics": [ 891.127197, 0.0, 640.291321, 0.0, 891.176453, 359.578705, 0.0, 0.0, 1.0 ], "fixed_extrinsics": { "data": [ -0.87256, -0.183584, -0.452697, -0.126273, -0.466236, 0.036353, 0.883913, -0.184333, -0.145815, 0.982332, -0.117314, 0.616782, 0.0, 0.0, 0.0, 1.0 ] }, "dist_coeffs": [ -0.452948, 0.262567, 0.00088, -0.000253, -0.089368 ], "calibration_timestamp": 1358499579812698894, "camera_id": "23-12" }
