{
  "node_name": "pi1",
  "team_number": 7971,
  "intrinsics": [
    388.369812,
    0,
    292.325653,
    0,
    388.513733,
    224.371063,
    0,
    0,
    1
  ],
  "dist_coeffs": [
    0.126935,
    -0.218447,
    -0.000152,
    0.001158,
    0.06266
  ],
  "fixed_extrinsics": {
    "data": [
      -1,
      -1.57586107256918e-16,
      5.0158596452676243e-17,
      -0.15239999999999998,
      1.3147519464173305e-16,
      -0.5735764363510459,
      0.8191520442889919,
      -0.2032,
      -1.0031719290535249e-16,
      0.8191520442889919,
      0.5735764363510459,
      0.0127,
      0,
      0,
      0,
      1
    ]
  },
  "calibration_timestamp": 1623537339636386600
}
