{
 "node_name": "pi1",
 "team_number": 7971,
 "intrinsics": [
  893.759521,
  0.0,
  645.470764,
  0.0,
  893.222351,
  388.150269,
  0.0,
  0.0,
  1.0
 ],
 "dist_coeffs": [
  -0.44902,
  0.248409,
  -0.000537,
  -0.000112,
  -0.076989
 ],
  "fixed_extrinsics": {
    "data": [
      -1,
      -1.57586107256918e-16,
      5.0158596452676243e-17,
      -0.15239999999999998,
      1.3147519464173305e-16,
      -0.5735764363510459,
      0.8191520442889919,
      -0.2032,
      -1.0031719290535249e-16,
      0.8191520442889919,
      0.5735764363510459,
      0.0127,
      0,
      0,
      0,
      1
    ]
  },
 "calibration_timestamp": 1358500519438113048,
 "camera_id": "23-01"
}
