{ "node_name": "pi1", "team_number": 971, "intrinsics": [ 890.980713, 0.0, 619.298645, 0.0, 890.668762, 364.009766, 0.0, 0.0, 1.0 ], "fixed_extrinsics": { "data": [ -0.487918, 0.221538, 0.844309, 0.190808, 0.866039, 0.00192, 0.499972, -0.218036, 0.109142, 0.97515, -0.192797, 0.544037, 0.0, 0.0, 0.0, 1.0 ] }, "dist_coeffs": [ -0.449172, 0.252318, 0.000881, -0.000615, -0.082208 ], "calibration_timestamp": 1358501902915096335, "camera_id": "23-05" }