{ "node_name": "pi3", "team_number": 7971, "intrinsics": [ 892.089172, 0.0, 648.780701, 0.0, 892.362854, 342.340668, 0.0, 0.0, 1.0 ], "fixed_extrinsics": { "data": [ 0.517483, 0.00906969, 0.855645, 0.156941, -0.855687, 0.00935422, 0.517409, 0.0833421, -0.00331132, -0.999915, 0.0126013, 0.0124048, 0.0, 0.0, 0.0, 1.0 ] }, "dist_coeffs": [ -0.451178, 0.258187, 0.001071, 0.000017, -0.085526 ], "calibration_timestamp": 1358501967378322133, "camera_id": "23-03" }
