{ "node_name": "pi3", "team_number": 971, "intrinsics": [ 891.026001, 0.0, 620.086731, 0.0, 890.566895, 385.035126, 0.0, 0.0, 1.0 ], "fixed_extrinsics": { "data": [   0.484157, -0.154776, -0.861182, -0.0935153, -0.872577, -0.0125032, -0.488317, -0.185918, 0.0648126, 0.987871, -0.141107, 0.623926, 0.0, 0.0, 0.0, 1.0 ] }, "dist_coeffs": [ -0.448299, 0.250123, -0.00042, -0.000127, -0.078433 ], "calibration_timestamp": 1358503290177115986, "camera_id": "23-11" }
