{ "node_name": "pi3", "team_number": 971, "intrinsics": [ 892.627869, 0.0, 629.289978, 0.0, 891.73761, 373.299896, 0.0, 0.0, 1.0 ], "fixed_extrinsics": { "data": [0.514403, -0.183311, -0.837728, -0.0051253, -0.851817, 0.00353495, -0.523827, -0.214622, 0.0989849, 0.983049, -0.154329, 0.62819, 0.0, 0.0, 0.0, 1.0 ] }, "dist_coeffs": [ -0.454901, 0.266778, -0.000316, -0.000469, -0.091357 ], "calibration_timestamp": 1358500316768663953, "camera_id": "23-07" }
