{"spline_count": 1, "spline_x": [-0.18145693702491972, -0.1806686149879133, -0.05595918014581436, 5.762204620882601, 2.7805678460726355, 1.6146169804687496], "spline_y": [2.346189480782648, 3.6925675615333544, 4.41262134323365, 2.4753395126953124, 2.2341888067461992, 1.3005395681218328], "constraints": [{"constraint_type": "LONGITUDINAL_ACCELERATION", "value": 3.0}, {"constraint_type": "LATERAL_ACCELERATION", "value": 2.5}, {"constraint_type": "VOLTAGE", "value": 12.0}, {"constraint_type": "VELOCITY", "value": 0.8, "start_distance": 1.0, "end_distance": 1.15}]}