{"spline_count": 1, "spline_x": [2.8029000394337356, 3.598701010385372, 3.592928864987311, 5.716241105891047, 6.058409698241228, 6.836921351984797], "spline_y": [2.2659592486204163, 2.2235586475607194, 1.3732945972518653, 1.187231336623733, 1.965522252857657, 2.7153394202517944], "constraints": [{"constraint_type": "LONGITUDINAL_ACCELERATION", "value": 3.0}, {"constraint_type": "LATERAL_ACCELERATION", "value": 3.0}, {"constraint_type": "VOLTAGE", "value": 12.0}]}