{"spline_count": 1, "spline_x": [1.8977893624261148, 2.493489118397258, 3.0938041880159797, 6.267891145316549, 6.049173922736376, 6.833717690390506], "spline_y": [1.4682096511768088, 2.0094316068927602, 1.5053043317512498, 2.1686488722080637, 2.082692598659578, 2.8053622716611706], "constraints": [{"constraint_type": "LONGITUDINAL_ACCELERATION", "value": 3.0}, {"constraint_type": "LATERAL_ACCELERATION", "value": 3}, {"constraint_type": "VOLTAGE", "value": 12.0}]}
