{"spline_count": 1, "spline_x": [6.720451116452686, 5.982811423475535, 5.766318367346939, 4.702628571428573, 3.5269714285714286, 3.313095574784694], "spline_y": [2.847133953965564, 2.5520780767747038, 2.435289795918367, 1.4275836734693876, 1.9874204081632652, 2.148963926647223], "constraints": [{"constraint_type": "LONGITUDINAL_ACCELERATION", "value": 3}, {"constraint_type": "LATERAL_ACCELERATION", "value": 2}, {"constraint_type": "VOLTAGE", "value": 10}]}