{"spline_count": 1, "spline_x": [1.845502911614626, 2.4171345421461163, 3.004385177342393, 5.2666273627598565, 5.91167736359207, 6.7133296469650885], "spline_y": [1.471550457245212, 2.0368843425108123, 1.4829129663110887, 1.7324754229926884, 1.9201953550863622, 2.6087941113170316], "constraints": [{"constraint_type": "LONGITUDINAL_ACCELERATION", "value": 3}, {"constraint_type": "LATERAL_ACCELERATION", "value": 2}, {"constraint_type": "VOLTAGE", "value": 10}]}
