{"spline_count": 1, "spline_x": [6.7133296469650885, 6.343336285408311, 5.737641975476239, 3.4208648418667504, 2.51547308321015, 1.841750386467515], "spline_y": [2.6087941113170316, 2.2490783431368313, 1.931858867758041, 1.9600940870614552, 2.031396541720077, 1.4679812465169668], "constraints": [{"constraint_type": "LONGITUDINAL_ACCELERATION", "value": 3}, {"constraint_type": "LATERAL_ACCELERATION", "value": 2}, {"constraint_type": "VOLTAGE", "value": 10}]}
