{"spline_count": 1, "spline_x": [6.720451116452686, 5.982811423475535, 5.227386296005803, 4.608975667524007, 3.06982032552487, 2.5343458588073577], "spline_y": [2.847133953965564, 2.5520780767747038, 2.2949124753895456, 1.6352744716756296, 1.6627593884970424, 1.9804073147174122], "constraints": [{"constraint_type": "LONGITUDINAL_ACCELERATION", "value": 3}, {"constraint_type": "LATERAL_ACCELERATION", "value": 2}, {"constraint_type": "VOLTAGE", "value": 10}]}