{"spline_count": 1, "spline_x": [6.8497036863806855, 6.523770855698178, 5.901632869573503, 3.625913896364584, 2.7205221377079836, 2.0513600546151287], "spline_y": [2.7941148215833196, 2.479530267377096, 2.134117802271161, 2.01574966936852, 2.0870521240271422, 1.5304761433039502], "constraints": [{"constraint_type": "LONGITUDINAL_ACCELERATION", "value": 4}, {"constraint_type": "LATERAL_ACCELERATION", "value": 3}, {"constraint_type": "VOLTAGE", "value": 12.0}]}
