{"spline_count": 1, "spline_x": [2.837423982549179, 3.6088159516600333, 3.5883680571264422, 5.716241105891047, 6.058409698241228, 6.836921351984797], "spline_y": [2.1368542190716946, 2.3917438640763313, 1.516301392456306, 1.187231336623733, 1.965522252857657, 2.7153394202517944], "constraints": [{"constraint_type": "LONGITUDINAL_ACCELERATION", "value": 3.0}, {"constraint_type": "LATERAL_ACCELERATION", "value": 3.0}, {"constraint_type": "VOLTAGE", "value": 12.0}]}