{"spline_count": 1, "spline_x": [-0.18145693702491972, -0.1806686149879133, -0.05595918014581436, 5.568337297714338, 2.9263972876382542, 1.8899826868983047], "spline_y": [2.346189480782648, 3.6925675615333544, 4.41262134323365, 2.806871944572777, 2.3713873275272683, 1.4720189432649824], "constraints": [{"constraint_type": "LONGITUDINAL_ACCELERATION", "value": 3.0}, {"constraint_type": "LATERAL_ACCELERATION", "value": 2.5}, {"constraint_type": "VOLTAGE", "value": 12.0}, {"constraint_type": "VELOCITY", "value": 0.8, "start_distance": 1.0, "end_distance": 1.15}]}