{"spline_count": 1, "spline_x": [6.759346381228886, 6.419344555972671, 5.797206569847996, 3.4863910286492112, 2.5809992699926108, 1.8980438136613174], "spline_y": [2.785468479690139, 2.4634632103801577, 2.1180507452742225, 1.894857599082414, 1.966160053741036, 1.4106168214738175], "constraints": [{"constraint_type": "LONGITUDINAL_ACCELERATION", "value": 4.0}, {"constraint_type": "LATERAL_ACCELERATION", "value": 3}, {"constraint_type": "VOLTAGE", "value": 12.0}]}