{"spline_count": 2, "spline_x": [-0.2256402886254385, -0.24061367759192365, -0.28728163091905445, 0.1786412134696551, 0.30022168717049524, 0.6726955312497593, 1.0451693753290234, 1.6685365897867115, 2.269065889291825, 2.438724256360172, 2.628171375352151], "spline_y": [2.3309349464975493, 2.6154293368607635, 2.9503640153538404, 3.66356656451471, 3.5787923664108376, 3.5787923664108376, 3.5787923664108376, 3.66356656451471, 3.517591006104223, 3.241928074677876, 2.979616679150519], "constraints": [{"constraint_type": "LONGITUDINAL_ACCELERATION", "value": 3}, {"constraint_type": "LATERAL_ACCELERATION", "value": 2}, {"constraint_type": "VOLTAGE", "value": 10}]}