{"spline_count": 1, "spline_x": [1.8977893624261148, 2.493489118397258, 3.0938041880159797, 6.18943539362736, 5.970718171047187, 6.760485640413851], "spline_y": [1.4682096511768088, 2.0094316068927602, 1.5053043317512498, 2.148100258464926, 2.0621439849164402, 2.7781865608767946], "constraints": [{"constraint_type": "LONGITUDINAL_ACCELERATION", "value": 3.0}, {"constraint_type": "LATERAL_ACCELERATION", "value": 3}, {"constraint_type": "VOLTAGE", "value": 12.0}]}