{"spline_count": 1, "spline_x": [1.6037446032516893, 2.2055167265625, 2.8212725389450344, 6.148134261553881, 5.92062789622044, 6.7046250148859805], "spline_y": [1.2861465107685808, 1.7993420469805743, 1.286805497714088, 2.0935212995201415, 1.9849658141364017, 2.755576908889358], "constraints": [{"constraint_type": "LONGITUDINAL_ACCELERATION", "value": 3.0}, {"constraint_type": "LATERAL_ACCELERATION", "value": 3.0}, {"constraint_type": "VOLTAGE", "value": 12.0}]}