{"spline_count": 1, "spline_x": [2.5343458588073577, 1.9811160890744945, 1.3910043346927745, 0.6718056340400533, -0.48997688239895876, -0.821914744238676], "spline_y": [1.9804073147174122, 2.367668153530416, 2.75492899234342, 3.381922731373998, 3.5663326546182854, 3.5663326546182854], "constraints": [{"constraint_type": "LONGITUDINAL_ACCELERATION", "value": 3}, {"constraint_type": "LATERAL_ACCELERATION", "value": 2}, {"constraint_type": "VOLTAGE", "value": 10}]}
