{"spline_count": 1, "spline_x": [1.6215960591132994, 2.0441299469203753, 2.136217765021257, 2.3790533454759926, 2.694613481030699, 2.970665105357857], "spline_y": [-1.5742995073891626, -1.9839794486639044, -1.8796132548162379, -2.0078020021461, -2.061911466549475, -2.069798655815965], "constraints": [{"constraint_type": "LONGITUDINAL_ACCELERATION", "value": 3}, {"constraint_type": "LATERAL_ACCELERATION", "value": 2}, {"constraint_type": "VOLTAGE", "value": 10}]}