{"spline_count": 1, "spline_x": [1.6215960591132994, 2.0441299469203753, 2.136217765021257, 2.309583831291792, 2.6666670621941027, 2.9165660756303344], "spline_y": [-1.5742995073891626, -1.9839794486639044, -1.8796132548162379, -2.130555402472591, -2.15722202774562, -2.1959456607795707], "constraints": [{"constraint_type": "LONGITUDINAL_ACCELERATION", "value": 3}, {"constraint_type": "LATERAL_ACCELERATION", "value": 2}, {"constraint_type": "VOLTAGE", "value": 10.0}]}