{"spline_count": 1, "spline_x": [6.702231375950168, 6.373881457031249, 5.758688966174009, 3.1788453508620487, 2.273453592205448, 1.6114305300886826], "spline_y": [2.7438724869219806, 2.4293757261929896, 2.0768880836927197, 1.7809922274871859, 1.852294682145808, 1.2821724076488596], "constraints": [{"constraint_type": "LONGITUDINAL_ACCELERATION", "value": 4.0}, {"constraint_type": "LATERAL_ACCELERATION", "value": 3}, {"constraint_type": "VOLTAGE", "value": 12.0}]}