{"spline_count": 1, "spline_x": [2.628171375352151, 2.7183463717109815, 2.769386307986923, 2.963347047414885, 3.0216384686431867, 3.313095574784694], "spline_y": [2.979616679150519, 2.8646708974512585, 2.7753740109934886, 2.5570038752453335, 2.2218282031826, 2.148963926647223], "constraints": [{"constraint_type": "LONGITUDINAL_ACCELERATION", "value": 3}, {"constraint_type": "LATERAL_ACCELERATION", "value": 2}, {"constraint_type": "VOLTAGE", "value": 10}]}