{"spline_count": 1, "spline_x": [-0.18145693702491972, -0.20576409082414582, 0.49914336935341463, 5.522928566665585, 2.880988556589501, 1.845502911614626], "spline_y": [2.346189480782648, 3.695236516639704, 4.837672745203337, 2.7973591802504263, 2.3618745632049176, 1.471550457245212], "constraints": [{"constraint_type": "LONGITUDINAL_ACCELERATION", "value": 3.0}, {"constraint_type": "LATERAL_ACCELERATION", "value": 2.0}, {"constraint_type": "VOLTAGE", "value": 10.0}]}