{"spline_count": 1, "spline_x": [6.853097963576857, 6.385098954905726, 4.82969339985708, 2.83784620575764, 1.5541577889609748, 1.0363839414488067], "spline_y": [2.714615301031989, 2.2383835427652135, 1.708398624422522, 2.517585062352501, 2.5751182100225627, 2.1689745582854774], "constraints": [{"constraint_type": "LONGITUDINAL_ACCELERATION", "value": 4.0}, {"constraint_type": "LATERAL_ACCELERATION", "value": 3.0}, {"constraint_type": "VOLTAGE", "value": 12.0}]}