{"spline_count": 1, "spline_x": [3.313095574784694, 2.4072979591836745, 1.5115591836734694, 0.6718056340400533, -0.48997688239895876, -0.821914744238676], "spline_y": [2.148963926647223, 2.911151020408163, 3.638938775510204, 3.381922731373998, 3.5663326546182854, 3.5663326546182854], "constraints": [{"constraint_type": "LONGITUDINAL_ACCELERATION", "value": 3}, {"constraint_type": "LATERAL_ACCELERATION", "value": 2}, {"constraint_type": "VOLTAGE", "value": 10}]}