{"spline_count": 1, "spline_x": [3.313095574784694, 4.157153183357088, 5.650873561635817, 6.001252415799964, 6.333190277639684, 6.720451116452686], "spline_y": [2.148963926647223, 1.9988483070418415, 2.2385812072594153, 2.5520780767747038, 2.699606015370134, 2.847133953965564], "constraints": [{"constraint_type": "LONGITUDINAL_ACCELERATION", "value": 3}, {"constraint_type": "LATERAL_ACCELERATION", "value": 2}, {"constraint_type": "VOLTAGE", "value": 10}]}
