{
 "node_name": "orin1",
 "team_number": 971,
 "intrinsics": [
  651.44836,
  0,
  773.62506,
  0,
  651.3791,
  591.2298,
  0,
  0,
  1
 ],
 "fixed_extrinsics": {
  "data": [
   1,
   -0,
   0,
   -0.18289103,
   0,
   -0.37460658,
   0.92718387,
   0.27995658,
   -0,
   -0.92718387,
   -0.37460658,
   0.5118,
   0,
   0,
   0,
   1
  ]
 },
 "dist_coeffs": [
  0.80232745,
  0.08186526,
  -0.00041668196,
  3.7310147e-05,
  -9.414048e-06,
  1.1129777,
  0.24149127,
  0.004798813,
  0,
  0,
  0,
  0,
  0,
  0
 ],
 "calibration_timestamp": 1651167946424535680,
 "camera_id": "24-08",
 "camera_number": 0,
 "reprojection_error": 0.3399351
}