{
 "node_name": "orin1",
 "team_number": 9971,
 "intrinsics": [
  651.059,
  0,
  770.30743,
  0,
  650.8263,
  627.46985,
  0,
  0,
  1
 ],
 "fixed_extrinsics": {
  "data": [
   0,
   -0.25881904,
   -0.9659258,
   -0.208918,
   1,
   1.110223e-16,
   -1.110223e-16,
   0.25923184,
   1.110223e-16,
   -0.9659258,
   0.25881904,
   0.63870573,
   0,
   0,
   0,
   1
  ]
 },
 "dist_coeffs": [
  0.55396783,
  0.015454058,
  -6.7519875e-05,
  -0.00014956792,
  -0.001110633,
  0.86058694,
  0.106397584,
  -0.0035882879,
  0,
  0,
  0,
  0,
  0,
  0
 ],
 "calibration_timestamp": 1651168234789344640,
 "camera_id": "25-03",
 "camera_number": 1,
 "reprojection_error": 0.25818405
}
