{
 "node_name": "orin1",
 "team_number": 9971,
 "intrinsics": [
  651.0498,
  0,
  776.04425,
  0,
  650.8962,
  577.55536,
  0,
  0,
  1
 ],
 "fixed_extrinsics": {
  "data": [
   1,
   -0,
   0,
   -0.18308152,
   0,
   -0.25881904,
   0.9659258,
   0.2781022,
   -0,
   -0.9659258,
   -0.25881904,
   0.5125492,
   0,
   0,
   0,
   1
  ]
 },
 "dist_coeffs": [
  0.6612602,
  0.05892111,
  -0.0001073756,
  -9.6968826e-05,
  0.0002459812,
  0.97058994,
  0.18081371,
  0.0040309723,
  0,
  0,
  0,
  0,
  0,
  0
 ],
 "calibration_timestamp": 1651169959126162560,
 "camera_id": "25-04",
 "camera_number": 0,
 "reprojection_error": 0.26107153
}
