{
 "node_name": "orin1",
 "team_number": 971,
 "intrinsics": [
  649.1079,
  0,
  682.3761,
  0,
  649.35474,
  527.42126,
  0,
  0,
  1
 ],
 "fixed_extrinsics": {
  "data": [
   -1,
   -0,
   0,
   -0.21337102,
   0,
   0.17364818,
   -0.9848077,
   -0.2501138,
   0,
   -0.9848077,
   -0.17364818,
   0.30951956,
   0,
   0,
   0,
   1
  ]
 },
 "dist_coeffs": [
  3.5219219,
  1.2353885,
  -5.490529e-05,
  0.00015835342,
  0.032447536,
  3.83822,
  2.213806,
  0.196526,
  0,
  0,
  0,
  0,
  0,
  0
 ],
 "calibration_timestamp": 1711306369592332476,
 "camera_id": "24-12",
 "camera_number": 1,
 "reprojection_error": 1.23409
}
