{
 "node_name": "orin1",
 "team_number": 7971,
 "intrinsics": [
  649.72705,
  0,
  744.89087,
  0,
  649.7148,
  562.67114,
  0,
  0,
  1
 ],
"fixed_extrinsics": {
  "data": [
   1.0,
   -0.0,
   0.0,
   -0.131843,
   0.0,
   0.0,
   1.0,
   0.061756,
   -0.0,
   -1.0,
   0.0,
   -0.05456,
   0.0,
   0.0,
   0.0,
   1.0
  ]
 },
 "dist_coeffs": [
  0.55844545,
  0.022955352,
  7.346504e-05,
  -7.515345e-05,
  -0.00074667926,
  0.865264,
  0.11563016,
  -0.0018091567,
  0,
  0,
  0,
  0,
  0,
  0
 ],
 "calibration_timestamp": 1651180801834939360,
 "camera_id": "24-01",
 "camera_number": 1,
 "reprojection_error": 0.33566976
}
