{
 "node_name": "orin1",
 "team_number": 9971,
 "intrinsics": [
  651.7496,
  0,
  787.3818,
  0,
  651.5188,
  543.86176,
  0,
  0,
  1
 ],
 "fixed_extrinsics": {
  "data": [
   -1,
   -0,
   0,
   -0.18289103,
   0,
   0.25881904,
   -0.9659258,
   -0.2516635,
   0,
   -0.9659258,
   -0.25881904,
   0.5125492,
   0,
   0,
   0,
   1
  ]
 },
 "dist_coeffs": [
  0.68925726,
  0.057928145,
  7.970989e-05,
  -3.9326234e-05,
  2.0302408e-05,
  0.99987006,
  0.18634774,
  0.0030727712,
  0,
  0,
  0,
  0,
  0,
  0
 ],
 "calibration_timestamp": 1651169975291250720,
 "camera_id": "25-01",
 "camera_number": 1,
 "reprojection_error": 0.27975598
}
