{
 "node_name": "imu",
 "team_number": 971,
 "intrinsics": [
  649.80615,
  0,
  684.77637,
  0,
  649.92255,
  537.65405,
  0,
  0,
  1
 ],
 "fixed_extrinsics": {
  "data": [
   -1,
   -0,
   0,
   -0.18289103,
   0,
   0.37460658,
   -0.92718387,
   -0.25351787,
   0,
   -0.92718387,
   -0.37460658,
   0.5118,
   0,
   0,
   0,
   1
  ]
 },
 "dist_coeffs": [
  0.53674126,
  0.01736004,
  4.8963608e-05,
  0.00014031571,
  -0.00066540495,
  0.84505534,
  0.10260388,
  -0.0019755126,
  0,
  0,
  0,
  0,
  0,
  0
 ],
 "calibration_timestamp": 1737924450438277662,
 "camera_id": "24-12",
 "camera_number": 0,
 "reprojection_error": 0.21860489
}