{
 "node_name": "orin1",
 "team_number": 7971,
 "intrinsics": [
  649.87805,
  0,
  714.29047,
  0,
  649.9989,
  557.16364,
  0,
  0,
  1
 ],
 "fixed_extrinsics": {
  "data": [
   -0.9998002,
   -0.012412211,
   0.015669154,
   -0.12623583,
   -0.015649285,
   -0.0016961652,
   -0.9998761,
   -0.428336,
   0.01243725,
   -0.9999215,
   0.0015015841,
   -0.0525381,
   0,
   0,
   0,
   1
  ]
 },
 "dist_coeffs": [
  0.5468494,
  0.009216704,
  0.00020196906,
  3.407048e-05,
  -0.0013336446,
  0.85541016,
  0.09692205,
  -0.0047400207,
  0,
  0,
  0,
  0,
  0,
  0
 ],
 "calibration_timestamp": 1737239424861977023,
 "camera_id": "24-04",
 "camera_number": 0,
 "reprojection_error": 0.3735126
}