{
 "node_name": "imu",
 "team_number": 971,
 "intrinsics": [
  649.13354,
  0,
  735.42035,
  0,
  649.15674,
  558.06006,
  0,
  0,
  1
 ],
 "fixed_extrinsics": {
  "data": [
   1.110223e-16,
   0.25881904,
   0.9659258,
   -0.15705454,
   -1,
   0,
   1.110223e-16,
   -0.20739315,
   1.110223e-16,
   -0.9659258,
   0.25881904,
   0.63870573,
   0,
   0,
   0,
   1
  ]
 },
 "dist_coeffs": [
  0.5062255,
  -0.007995885,
  1.3738672e-05,
  6.673327e-05,
  -0.0015845473,
  0.8148529,
  0.06658219,
  -0.007010305,
  0,
  0,
  0,
  0,
  0,
  0
 ],
 "calibration_timestamp": 1737924450435541489,
 "camera_id": "24-09",
 "camera_number": 1,
 "reprojection_error": 0.24093944
}
