{
 "node_name": "orin1",
 "team_number": 971,
 "intrinsics": [
  649.598,
  0,
  723.3713,
  0,
  649.4632,
  597.16266,
  0,
  0,
  1
 ],
 "fixed_extrinsics": {
  "data": [
   0,
   -0.25881904,
   -0.9659258,
   -0.208918,
   1,
   1.110223e-16,
   -1.110223e-16,
   0.25923184,
   1.110223e-16,
   -0.9659258,
   0.25881904,
   0.63870573,
   0,
   0,
   0,
   1
  ]
 },
"dist_coeffs": [
  0.8864406,
  0.13649054,
  -5.6562632e-05,
  0.000112018024,
  0.0017596558,
  1.1950223,
  0.32585493,
  0.014615289,
  0,
  0,
  0,
  0,
  0,
  0
 ],
 "calibration_timestamp": 1651168275183441760,
 "camera_id": "24-06",
 "camera_number": 1,
 "reprojection_error": 0.2597178
}
