{
 "node_name": "imu",
 "team_number": 971,
 "intrinsics": [
  648.9799,
  0,
  761.0074,
  0,
  648.8607,
  589.32184,
  0,
  0,
  1
 ],
 "fixed_extrinsics": {
  "data": [
   -1,
   -0,
   0,
   -0.18289103,
   0,
   0.17364818,
   -0.9848077,
   -0.24428031,
   0,
   -0.9848077,
   -0.17364818,
   0.5905655,
   0,
   0,
   0,
   1
  ]
 },
 "dist_coeffs": [
  1.1594596,
  0.25443012,
  -0.0004167499,
  5.5695273e-05,
  0.0046994654,
  1.4704255,
  0.5253451,
  0.033900045,
  0,
  0,
  0,
  0,
  0,
  0
 ],
 "calibration_timestamp": 1737924450438277662,
 "camera_id": "24-08",
 "camera_number": 0,
 "reprojection_error": 0.21860489
}