{
 "node_name": "imu",
 "team_number": 971,
 "intrinsics": [
  649.5634,
  0,
  755.59753,
  0,
  649.48486,
  607.7111,
  0,
  0,
  1
 ],
 "fixed_extrinsics": {
  "data": [
   2.220446e-16,
   -0.17364818,
   0.9848077,
   -0.15839766,
   -1,
   0,
   2.220446e-16,
   -0.20580566,
   0,
   -0.9848077,
   -0.17364818,
   0.6858155,
   0,
   0,
   0,
   1
  ]
 },
 "dist_coeffs": [
  0.36832154,
  -0.019486727,
  -0.00019901516,
  -1.639914e-05,
  -0.0010665144,
  0.6709219,
  0.020541893,
  -0.005783218,
  0,
  0,
  0,
  0,
  0,
  0
 ],
 "calibration_timestamp": 1737924450435541489,
 "camera_id": "24-06",
 "camera_number": 1,
 "reprojection_error": 0.24093944
}