{
 "node_name": "orin1",
 "team_number": 971,
 "intrinsics": [
  648.36017,
  0,
  729.81866,
  0,
  648.2103,
  641.98804,
  0,
  0,
  1
 ],
 "fixed_extrinsics": {
  "data": [
   1,
   -0,
   0,
   -0.21356152,
   0,
   -0.17364818,
   0.9848077,
   0.27655247,
   -0,
   -0.9848077,
   -0.17364818,
   0.30951956,
   0,
   0,
   0,
   1
  ]
 },
 "dist_coeffs": [
  44.220192,
  22.012026,
  -7.754973e-05,
  -5.347303e-05,
  0.7587346,
  44.45716,
  35.501217,
  4.075844,
  0,
  0,
  0,
  0,
  0,
  0
 ],
 "calibration_timestamp": 1711317267098016437,
 "camera_id": "24-05",
 "camera_number": 0,
 "reprojection_error": 1.058851
}
