{
 "node_name": "orin1",
 "team_number": 971,
 "intrinsics": [
  649.80615,
  0,
  684.77637,
  0,
  649.92255,
  537.65405,
  0,
  0,
  1
 ],
 "fixed_extrinsics": {
  "data": [
   1,
   -0,
   0,
   -0.18289103,
   0,
   -0.25881904,
   0.9659258,
   0.2781022,
   -0,
   -0.9659258,
   -0.25881904,
   0.5125492,
   0,
   0,
   0,
   1
  ]
 },
 "dist_coeffs": [
  0.53674126,
  0.01736004,
  4.8963608e-05,
  0.00014031571,
  -0.00066540495,
  0.84505534,
  0.10260388,
  -0.0019755126,
  0,
  0,
  0,
  0,
  0,
  0
 ],
 "calibration_timestamp": 1737924450431893035,
 "camera_id": "24-12",
 "camera_number": 0,
 "reprojection_error": 0.3071999
}