{
 "node_name": "imu",
 "team_number": 971,
 "intrinsics": [
  649.5634,
  0,
  755.59753,
  0,
  649.48486,
  607.7111,
  0,
  0,
  1
 ],
 "fixed_extrinsics": {
  "data": [
   1.110223e-16,
   0.25881904,
   0.9659258,
   -0.15705454,
   -1,
   0,
   1.110223e-16,
   -0.20739315,
   1.110223e-16,
   -0.9659258,
   0.25881904,
   0.63870573,
   0,
   0,
   0,
   1
  ]
 },
 "dist_coeffs": [
  0.36832154,
  -0.019486727,
  -0.00019901516,
  -1.639914e-05,
  -0.0010665144,
  0.6709219,
  0.020541893,
  -0.005783218,
  0,
  0,
  0,
  0,
  0,
  0
 ],
 "calibration_timestamp": 1737924450435541489,
 "camera_id": "24-06",
 "camera_number": 1,
 "reprojection_error": 0.24093944
}