{
    "spline_count": 1,
    "spline_x": [
        -4.298882384245665,
        -3.1646278127814758,
        -2.4989652488761096,
        -2.1136673502503305,
        -1.479573275804385,
        -0.5811901698817614
    ],
    "spline_y": [
        0.8135924221044322,
        0.4900303572196947,
        -0.13193291080313996,
        -0.255438653484485,
        -0.08108049299548094,
        0.03128456186613349
    ],
    "constraints": [
        {
            "constraint_type": "LONGITUDINAL_ACCELERATION",
            "value": 3
        },
        {
            "constraint_type": "LATERAL_ACCELERATION",
            "value": 2.5
        },
        {
            "constraint_type": "VOLTAGE",
            "value": 9
        }
    ]
}