{
    "spline_count": 1,
    "spline_x": [
        -5.640902947694428,
        -4.662999278601822,
        -3.239591234160512,
        -3.047507215729768,
        -1.061657126562114,
        -0.47709853308607464
    ],
    "spline_y": [
        -0.8645502069901454,
        -1.5866101199714517,
        -3.0049314806309253,
        -3.286832304945575,
        -2.0927386168786777,
        -1.9056608123457113
    ],
    "constraints": [
        {
            "constraint_type": "LONGITUDINAL_ACCELERATION",
            "value": 3
        },
        {
            "constraint_type": "LATERAL_ACCELERATION",
            "value": 2
        },
        {
            "constraint_type": "VOLTAGE",
            "value": 10
        }
    ]
}