{
    "spline_count": 1,
    "spline_x": [
        -6.18407160542626,
        -5.206167936333653,
        -4.43307070573797,
        -3.17612250686913,
        -1.294215637444423,
        -0.3843367810862599
    ],
    "spline_y": [
        -0.12899149981490599,
        -0.8510514127962123,
        -1.608007330741425,
        -2.291809026288921,
        -2.1179353172559603,
        -1.6123055526776628
    ],
    "constraints": [
        {
            "constraint_type": "LONGITUDINAL_ACCELERATION",
            "value": 3
        },
        {
            "constraint_type": "LATERAL_ACCELERATION",
            "value": 1
        },
        {
            "constraint_type": "VOLTAGE",
            "value": 10
        }
    ]
}