{
    "spline_count": 1,
    "spline_x": [
        -0.3843367810862599,
        -0.9952657406801264,
        -3.223388864917868,
        -3.2427732340458624,
        -4.985914317131949,
        -6.185605879158475
    ],
    "spline_y": [
        -1.6123055526776628,
        -1.9518055463910178,
        -2.4598103745632027,
        -2.084533148494687,
        -1.0295760378291297,
        -0.14476616198834247
    ],
    "constraints": [
        {
            "constraint_type": "LONGITUDINAL_ACCELERATION",
            "value": 3
        },
        {
            "constraint_type": "LATERAL_ACCELERATION",
            "value": 2
        },
        {
            "constraint_type": "VOLTAGE",
            "value": 10
        }
    ]
}