{
    "spline_count": 1,
    "spline_x": [
        -0.49099735723340787,
        -1.811418619189384,
        -4.027875271387874,
        -3.9295391727423667,
        -3.479861068325508,
        -4.298882384245665
    ],
    "spline_y": [
        -3.119986483935894,
        -2.797606009442813,
        -2.6541176112878206,
        -0.757854688577488,
        0.5799550757531173,
        0.8135924221044322
    ],
    "constraints": [
        {
            "constraint_type": "LONGITUDINAL_ACCELERATION",
            "value": 3
        },
        {
            "constraint_type": "LATERAL_ACCELERATION",
            "value": 2.5
        },
        {
            "constraint_type": "VOLTAGE",
            "value": 9
        }
    ]
}