{
    "spline_count": 1,
    "spline_x": [
        -0.5092457179511491,
        -1.8931992589519813,
        -3.6060816001326397,
        -3.8917290706695438,
        -4.713201267483203,
        -5.640902947694428
    ],
    "spline_y": [
        -3.209959853823472,
        -2.6925657969997197,
        -2.333279192015276,
        -2.186602322153238,
        -1.549542211476115,
        -0.8645502069901454
    ],
    "constraints": [
        {
            "constraint_type": "LONGITUDINAL_ACCELERATION",
            "value": 3
        },
        {
            "constraint_type": "LATERAL_ACCELERATION",
            "value": 2
        },
        {
            "constraint_type": "VOLTAGE",
            "value": 10
        }
    ]
}