{
    "spline_count": 1,
    "spline_x": [
        -0.47709853308607464,
        -1.1147335735554593,
        -3.3428566977932013,
        -2.7197061644307787,
        -4.462847247516866,
        -5.662538809543391
    ],
    "spline_y": [
        -1.9056608123457113,
        -2.1097248100280774,
        -2.6177296382002626,
        -2.8074138647816946,
        -1.752456754116137,
        -0.8676468782753499
    ],
    "constraints": [
        {
            "constraint_type": "LONGITUDINAL_ACCELERATION",
            "value": 3
        },
        {
            "constraint_type": "LATERAL_ACCELERATION",
            "value": 2
        },
        {
            "constraint_type": "VOLTAGE",
            "value": 10
        }
    ]
}