{
    "spline_count": 1,
    "spline_x": [
        -0.5811901698817614,
        -1.2747103831333484,
        -2.2436699872068244,
        -3.446197110414496,
        -4.341355458388501,
        -5.195728191425397
    ],
    "spline_y": [
        0.03128456186613349,
        -0.05545731506355678,
        -0.2142730564625337,
        0.5722193927307038,
        0.8918482448895331,
        0.8868886417599413
    ],
    "constraints": [
        {
            "constraint_type": "LONGITUDINAL_ACCELERATION",
            "value": 3
        },
        {
            "constraint_type": "LATERAL_ACCELERATION",
            "value": 2.5
        },
        {
            "constraint_type": "VOLTAGE",
            "value": 9
        }
    ]
}