{
    "spline_count": 1,
    "spline_x": [
        -7.464294557723783,
        -6.667696122353746,
        -5.241623212631461,
        -2.649344562378961,
        -1.3378396006348594,
        -0.49099735723340787
    ],
    "spline_y": [
        0.25504399412981815,
        -1.1178495529758359,
        -1.7224603852027636,
        -2.734000679910806,
        -2.803392659921869,
        -3.119986483935894
    ],
    "constraints": [
        {
            "constraint_type": "LONGITUDINAL_ACCELERATION",
            "value": 3
        },
        {
            "constraint_type": "LATERAL_ACCELERATION",
            "value": 2
        },
        {
            "constraint_type": "VOLTAGE",
            "value": 10.0
        }
    ]
}