{
    "spline_count": 1,
    "spline_x": [
        -0.49099735723340787,
        -1.87495089823424,
        -3.5878332394148984,
        -4.434897728401375,
        -5.256369925215035,
        -6.18407160542626
    ],
    "spline_y": [
        -3.119986483935894,
        -2.6025924271121417,
        -2.243305822127698,
        -1.4510436149779986,
        -0.8139835043008755,
        -0.12899149981490599
    ],
    "constraints": [
        {
            "constraint_type": "LONGITUDINAL_ACCELERATION",
            "value": 3
        },
        {
            "constraint_type": "LATERAL_ACCELERATION",
            "value": 2
        },
        {
            "constraint_type": "VOLTAGE",
            "value": 10
        }
    ]
}