{
    "spline_count": 1,
    "spline_x": [
        -6.860785213920586,
        -5.203804609147312,
        -3.7777316994250265,
        -2.667592923096702,
        -1.3560879613526007,
        -0.5092457179511491
    ],
    "spline_y": [
        -1.1157080654374518,
        -1.1036636998527491,
        -1.7082745320796768,
        -2.823974049798384,
        -2.893366029809447,
        -3.209959853823472
    ],
    "constraints": [
        {
            "constraint_type": "LONGITUDINAL_ACCELERATION",
            "value": 3
        },
        {
            "constraint_type": "LATERAL_ACCELERATION",
            "value": 2
        },
        {
            "constraint_type": "VOLTAGE",
            "value": 10
        }
    ]
}