{
    "spline_count": 1,
    "spline_x": [
        -5.450725524128315,
        -5.4125513915961285,
        -3.9062446310670764,
        -2.390277169363972,
        -1.4242176922097336,
        -0.44894876385221405
    ],
    "spline_y": [
        2.245294280677646,
        2.7888517924722676,
        3.9025565085593934,
        2.9014194169393095,
        2.4045843838581282,
        2.0389901653192535
    ],
    "constraints": [
        {
            "constraint_type": "LONGITUDINAL_ACCELERATION",
            "value": 4.5
        },
        {
            "constraint_type": "LATERAL_ACCELERATION",
            "value": 4.0
        },
        {
            "constraint_type": "VOLTAGE",
            "value": 8.0
        },
        {
            "constraint_type": "VELOCITY",
            "value": 6.4,
            "start_distance": 0.0,
            "end_distance": 100.0
        }
    ]
}