{
    "spline_count": 1,
    "spline_x": [
        -5.921735095811581,
        -5.997356157615366,
        -6.1394966638452235,
        -6.356632365068064,
        -6.390015362394428,
        -6.442406423309679
    ],
    "spline_y": [
        0.26109745109761073,
        0.30159528914692224,
        0.3303773156538068,
        0.24034081023232307,
        0.14172167645452102,
        0.03474267887241966
    ],
    "constraints": [
        {
            "constraint_type": "LONGITUDINAL_ACCELERATION",
            "value": 3
        },
        {
            "constraint_type": "LATERAL_ACCELERATION",
            "value": 3
        },
        {
            "constraint_type": "VOLTAGE",
            "value": 10
        },
        {
            "constraint_type": "VELOCITY",
            "value": 0.9,
            "start_distance": 0.0,
            "end_distance": 10.0
        }
    ]
}