{
    "spline_count": 1,
    "spline_x": [
        -5.450348048315508,
        -5.412173915783321,
        -3.905867155254269,
        -2.390277169363972,
        -1.4242176922097336,
        -0.44894876385221405
    ],
    "spline_y": [
        2.3787148543274097,
        2.9222723661220313,
        4.035977082209158,
        2.9014194169393095,
        2.4045843838581282,
        2.0389901653192535
    ],
    "constraints": [
        {
            "constraint_type": "LONGITUDINAL_ACCELERATION",
            "value": 4.5
        },
        {
            "constraint_type": "LATERAL_ACCELERATION",
            "value": 4.0
        },
        {
            "constraint_type": "VOLTAGE",
            "value": 10.0
        },
        {
            "constraint_type": "VELOCITY",
            "value": 6.4,
            "start_distance": 0.0,
            "end_distance": 100.0
        }
    ]
}