{
    "spline_count": 1,
    "spline_x": [
        -5.963275576067123,
        -6.043899374861988,
        -6.14218730470054,
        -6.299979097775238,
        -6.333362095101602,
        -6.385753156016853
    ],
    "spline_y": [
        0.26227873892724274,
        0.2915775945855339,
        0.27680408013743,
        0.19285548109740952,
        0.09423634731960748,
        -0.012742650262493882
    ],
    "constraints": [
        {
            "constraint_type": "LONGITUDINAL_ACCELERATION",
            "value": 3
        },
        {
            "constraint_type": "LATERAL_ACCELERATION",
            "value": 3
        },
        {
            "constraint_type": "VOLTAGE",
            "value": 10
        },
        {
            "constraint_type": "VELOCITY",
            "value": 0.9,
            "start_distance": 0.0,
            "end_distance": 10.0
        }
    ]
}