{
    "spline_count": 1,
    "spline_x": [
        -0.44894876385221405,
        -1.42422446903808,
        -2.3902839461923184,
        -4.170024929006823,
        -5.19716914509787,
        -5.872082438576494
    ],
    "spline_y": [
        2.0389901653192535,
        2.4045869242541067,
        2.901421957335288,
        2.268920393640828,
        1.8811990984641065,
        1.7637363058278848
    ],
    "constraints": [
        {
            "constraint_type": "LONGITUDINAL_ACCELERATION",
            "value": 2.8
        },
        {
            "constraint_type": "LATERAL_ACCELERATION",
            "value": 4.0
        },
        {
            "constraint_type": "VOLTAGE",
            "value": 9.5
        },
        {
            "constraint_type": "VELOCITY",
            "value": 1.0,
            "start_distance": 5.35,
            "end_distance": 100.0
        }
    ]
}