{
    "spline_count": 1,
    "spline_x": [
        -6.442406423309679,
        -6.09480165393726,
        -5.554752477197956,
        -5.500010615292536,
        -5.505673744840998,
        -5.450725524128315
    ],
    "spline_y": [
        0.03474267887241966,
        0.7445280722694474,
        1.1059794544455144,
        1.0226571920273129,
        1.4628922679287215,
        2.245294280677646
    ],
    "constraints": [
        {
            "constraint_type": "LONGITUDINAL_ACCELERATION",
            "value": 3
        },
        {
            "constraint_type": "LATERAL_ACCELERATION",
            "value": 2
        },
        {
            "constraint_type": "VOLTAGE",
            "value": 10
        },
        {
            "constraint_type": "VELOCITY",
            "value": 0.6,
            "start_distance": 1.5,
            "end_distance": 10.0
        }
    ]
}