{
    "spline_count": 1,
    "spline_x": [
        -6.837790264225116,
        -6.431035594540573,
        -6.2550649114538475,
        -6.681741927563226,
        -6.377706237094424,
        -5.921735095811581
    ],
    "spline_y": [
        1.3535788089450442,
        1.352246384830838,
        1.2577755750226314,
        0.6390756151537094,
        0.505286635887767,
        0.26109745109761073
    ],
    "constraints": [
        {
            "constraint_type": "LONGITUDINAL_ACCELERATION",
            "value": 3
        },
        {
            "constraint_type": "LATERAL_ACCELERATION",
            "value": 4.0
        },
        {
            "constraint_type": "VOLTAGE",
            "value": 10
        }
    ]
}