{
    "spline_count": 1,
    "spline_x": [
        -6.837790264225116,
        -6.431035594540573,
        -6.3853568768522155,
        -6.536109470762101,
        -6.2861263825343965,
        -5.969281120927116
    ],
    "spline_y": [
        1.3535788089450442,
        1.352246384830838,
        0.9118242114761634,
        0.7117762479291074,
        0.5676538847048089,
        0.31121312731966144
    ],
    "constraints": [
        {
            "constraint_type": "LONGITUDINAL_ACCELERATION",
            "value": 3.0
        },
        {
            "constraint_type": "LATERAL_ACCELERATION",
            "value": 4.0
        },
        {
            "constraint_type": "VOLTAGE",
            "value": 10
        }
    ]
}