{
    "spline_count": 1,
    "spline_x": [
        -5.450348048315508,
        -5.412173915783321,
        -3.905867155254269,
        -2.3471594367906876,
        -1.3810999596364493,
        -0.4058310312789297
    ],
    "spline_y": [
        2.3787148543274097,
        2.9222723661220313,
        4.035977082209158,
        2.6411922097100717,
        2.1443571766288905,
        1.7787629580900157
    ],
    "constraints": [
        {
            "constraint_type": "LONGITUDINAL_ACCELERATION",
            "value": 4.5
        },
        {
            "constraint_type": "LATERAL_ACCELERATION",
            "value": 4.0
        },
        {
            "constraint_type": "VOLTAGE",
            "value": 10.0
        },
        {
            "constraint_type": "VELOCITY",
            "value": 6.4,
            "start_distance": 0.0,
            "end_distance": 100.0
        }
    ]
}